Rk,Player,Age,Team,Pos,G,GS,QBrec,Cmp,Att,Cmp%,Yds,TD,TD%,Int,Int%,1D,Succ%,Lng,Y/A,AY/A,Y/C,Y/G,Rate,QBR,Sk,Sk%,NY/A,ANY/A,4QC,GWD,Awards,Year,
0,Jared Goff,30,DET,QB,17,17,15-2-0,390,539,72.4,4629,37,6.9,12,2.2,236,54.7,82,8.6,8.96,11.9,272.3,111.8,68.4,31,234,5.44,7.71,8.06,4,4,PB,2024
1,Baker Mayfield,29,TAM,QB,17,17,10/7/00,407,570,71.4,4500,41,7.2,16,2.8,224,53.9,57,7.9,8.07,11.1,264.7,106.8,61.7,40,248,6.56,6.97,7.13,2,2,,2024
2,Geno Smith,34,SEA,QB,17,17,10/7/00,407,578,70.4,4320,21,3.6,15,2.6,209,48.4,71,7.5,7.03,10.6,254.1,93.2,53.8,50,338,7.96,6.34,5.93,4,4,,2024
3,Sam Darnold,27,MIN,QB,17,17,14-3-0,361,545,66.2,4319,35,6.4,12,2.2,207,47.7,97,7.9,8.22,12,254.1,102.5,60.4,48,335,8.09,6.72,6.99,3,5,PB,2024
4,Lamar Jackson,27,BAL,QB,17,17,12/5/00,316,474,66.7,4172,41,8.6,4,0.8,198,51.3,84,8.8,10.15,13.2,245.4,119.6,77.3,23,149,4.63,8.09,9.38,2,2,"PB,AP-1",2024
5,Patrick Mahomes,29,KAN,QB,16,16,15-1-0,392,581,67.5,3928,26,4.5,11,1.9,214,50.7,54,6.8,6.8,10,245.5,93.5,67.6,36,239,5.83,5.98,6.02,5,7,,2024
6,Aaron Rodgers,41,NYJ,QB,17,17,5/12/00,368,584,63,3897,28,4.8,11,1.9,192,43.9,71,6.7,6.78,10.6,229.2,90.5,48.1,40,302,6.41,5.76,5.87,2,3,,2024
7,Justin Herbert,26,LAC,QB,17,17,11/6/00,332,504,65.9,3870,23,4.6,3,0.6,175,44.4,66,7.7,8.32,11.7,227.6,101.7,64.9,41,244,7.52,6.65,7.25,1,2,,2024
8,Brock Purdy,25,SFO,QB,15,15,6/9/00,300,455,65.9,3864,20,4.4,12,2.6,178,49.4,76,8.5,8.18,12.9,257.6,96.1,67.9,31,156,6.38,7.63,7.34,1,1,,2024
9,Kyler Murray,27,ARI,QB,17,17,8/9/00,372,541,68.8,3851,21,3.9,11,2,191,51.7,60,7.1,6.98,10.4,226.5,93.5,66.5,30,220,5.25,6.36,6.23,3,3,,2024
10,Bo Nix,24,DEN,QB,17,17,10/7/00,376,567,66.3,3775,29,5.1,12,2.1,170,43.7,93,6.7,6.73,10,222.1,93.3,56.9,24,198,4.06,6.05,6.12,3,3,,2024
11,Matthew Stafford,36,LAR,QB,16,16,10/6/00,340,517,65.8,3762,20,3.9,8,1.5,176,50.1,69,7.3,7.35,11.1,235.1,93.7,64.7,28,213,5.14,6.51,6.59,3,5,,2024
12,Josh Allen,28,BUF,QB,17,17,13-4-0,307,483,63.6,3731,28,5.8,6,1.2,173,49.1,64,7.7,8.33,12.2,219.5,101.4,77.3,14,63,2.82,7.38,7.96,0,2,"PB,AP-2",2024
13,C.J. Stroud,23,HOU,QB,17,17,10/7/00,336,532,63.2,3727,20,3.8,12,2.3,187,43,67,7,6.74,11.1,219.2,87,49.9,52,408,8.9,5.68,5.44,1,2,,2024
14,Jayden Daniels,24,WAS,QB,17,17,12/5/00,331,480,69,3568,25,5.2,9,1.9,170,47.1,86,7.4,7.63,10.8,209.9,100.1,70.5,47,238,8.92,6.32,6.5,4,4,PB,2024
15,Caleb Williams,23,CHI,QB,17,17,5/12/00,351,562,62.5,3541,20,3.6,6,1.1,171,40.3,47,6.3,6.53,10.1,208.3,87.8,46.7,68,466,10.79,4.88,5.09,2,1,,2024
16,Kirk Cousins,36,ATL,QB,14,14,7/7/00,303,453,66.9,3508,18,4,16,3.5,163,46.4,60,7.7,6.95,11.6,250.6,88.6,50.4,28,201,5.82,6.88,6.13,3,3,,2024
17,Jordan Love,26,GNB,QB,15,15,9/6/00,268,425,63.1,3389,25,5.9,11,2.6,151,48.3,70,8,7.99,12.6,225.9,96.7,69.2,14,95,3.19,7.5,7.51,2,2,,2024
18,Jalen Hurts,26,PHI,QB,15,15,12/3/00,248,361,68.7,2903,18,5,5,1.4,139,46.6,67,8,8.42,11.7,193.5,103.7,65.6,38,271,9.52,6.6,6.93,3,4,,2024
19,Tua Tagovailoa,26,MIA,QB,11,11,6/5/00,291,399,72.9,2867,19,4.8,7,1.8,161,51.9,80,7.2,7.35,9.9,260.6,101.4,60.4,21,154,5,6.46,6.61,2,2,,2024
20,Russell Wilson,36,PIT,QB,11,11,6/5/00,214,336,63.7,2482,16,4.8,5,1.5,112,43.6,46,7.4,7.67,11.6,225.6,95.6,51.4,33,219,8.94,6.13,6.39,1,1,,2024
21,Bryce Young,23,CAR,QB,14,12,4/8/00,234,384,60.9,2403,15,3.9,9,2.3,117,39,83,6.3,5.98,10.3,171.6,82.2,54.1,29,186,7.02,5.37,5.11,1,4,,2024
22,Drake Maye,22,NWE,QB,13,12,3/9/00,225,338,66.6,2276,15,4.4,10,3,112,46,40,6.7,6.29,10.1,175.1,88.1,58.6,34,229,9.14,5.5,5.1,0,0,,2024
23,Derek Carr,33,NOR,QB,10,10,5/5/00,189,279,67.7,2145,15,5.4,5,1.8,93,45.3,71,7.7,7.96,11.3,214.5,101,63.4,8,48,2.79,7.31,7.57,0,1,,2024
24,Jameis Winston,30,CLE,QB,12,7,2/5/00,181,296,61.1,2121,13,4.4,12,4.1,103,44.1,89,7.2,6.22,11.7,176.8,80.6,55.6,24,130,7.5,6.22,5.35,2,2,,2024
25,Will Levis,25,TEN,QB,12,12,2/10/00,190,301,63.1,2091,13,4.3,12,4,86,36.5,98,6.9,6.02,11,174.3,81.4,27.8,41,233,11.99,5.43,4.61,1,1,,2024
26,Daniel Jones,27,NYG,QB,10,10,2/8/00,216,341,63.3,2070,8,2.3,7,2.1,106,43,43,6.1,5.62,9.6,207,79.4,47.8,29,172,7.84,5.13,4.71,0,0,,2024
27,Trevor Lawrence,25,JAX,QB,10,10,2/8/00,172,284,60.6,2045,11,3.9,7,2.5,97,45.4,85,7.2,6.87,11.9,204.5,85.2,59.4,18,140,5.96,6.31,5.99,0,1,,2024
28,Gardner Minshew II,28,LVR,QB,10,9,2/7/00,203,306,66.3,2013,9,2.9,10,3.3,106,44.2,57,6.6,5.7,9.9,201.3,81,38.2,29,164,8.66,5.52,4.71,1,1,,2024
29,Dak Prescott,31,DAL,QB,8,8,3/5/00,185,286,64.7,1978,11,3.8,8,2.8,87,45.3,65,6.9,6.43,10.7,247.3,86,45.2,21,112,6.84,6.08,5.62,1,1,,2024
30,Cooper Rush,31,DAL,QB,12,8,4/4/00,187,308,60.7,1844,12,3.9,5,1.6,92,42.4,64,6,6.04,9.9,153.7,83.8,41,13,95,4.05,5.45,5.5,0,0,,2024
31,Anthony Richardson,22,IND,QB,11,11,6/5/00,126,264,47.7,1814,8,3,12,4.5,73,36,69,6.9,5.43,14.4,164.9,61.6,47.4,14,115,5.04,6.11,4.74,2,3,,2024
32,Joe Flacco,39,IND,QB,8,6,2/4/00,162,248,65.3,1761,12,4.8,7,2.8,87,46.2,65,7.1,6.8,10.9,220.1,90.5,53.5,18,123,6.77,6.16,5.88,1,2,,2024
33,Mac Jones,26,JAX,QB,10,7,2/5/00,171,262,65.3,1672,8,3.1,8,3.1,77,42.8,62,6.4,5.62,9.8,167.2,80.5,39.7,14,100,5.07,5.7,4.97,1,1,,2024
34,Aidan O'Connell,26,LVR,QB,9,7,2/5/00,154,243,63.4,1612,8,3.3,4,1.6,78,47.8,58,6.6,6.55,10.5,179.1,86.7,49.5,10,82,3.95,6.05,5.97,1,1,,2024
35,Mason Rudolph,29,TEN,QB,8,5,1/4/00,146,228,64,1530,9,3.9,9,3.9,78,49,47,6.7,5.72,10.5,191.3,80.1,55.6,11,71,4.6,6.1,5.16,0,1,,2024
36,Spencer Rattler,24,NOR,QB,7,6,0-6-0,130,228,57,1317,4,1.8,5,2.2,62,34.8,41,5.8,5.14,10.1,188.1,70.4,40.4,22,136,8.8,4.72,4.14,0,0,,2024
37,Deshaun Watson,29,CLE,QB,7,7,1/6/00,137,216,63.4,1148,5,2.3,3,1.4,49,33.3,35,5.3,5.15,8.4,164,79,23.3,33,191,13.25,3.84,3.7,0,0,,2024
38,Justin Fields,25,PIT,QB,10,6,4/2/00,106,161,65.8,1106,5,3.1,1,0.6,45,42.9,55,6.9,7.21,10.4,110.6,93.3,50.8,16,124,9.04,5.55,5.86,0,1,,2024
39,Drew Lock,28,NYG,QB,8,5,1/4/00,107,181,59.1,1071,6,3.3,5,2.8,45,39.9,59,5.9,5.34,10,133.9,75.5,46.2,12,88,6.22,5.09,4.55,0,0,,2024
40,Andy Dalton,37,CAR,QB,6,5,1/4/00,106,160,66.3,989,7,4.4,6,3.8,50,40.7,39,6.2,5.37,9.3,164.8,82,55.4,7,37,4.19,5.7,4.92,0,0,,2024
41,Tyler Huntley,26,MIA,QB,5,5,2/3/00,86,133,64.7,829,3,2.3,3,2.3,45,40.5,25,6.2,5.67,9.6,165.8,80.1,35.2,15,92,10.14,4.98,4.47,1,1,,2024
42,Jacoby Brissett,32,NWE,QB,8,5,1/4/00,95,161,59,826,2,1.2,1,0.6,41,35.8,50,5.1,5.1,8.7,103.3,74.2,44.8,18,119,10.06,3.95,3.92,1,1,,2024
43,Michael Penix,24,ATL,QB,5,3,1/2/00,61,105,58.1,775,3,2.9,3,2.9,35,42.2,42,7.4,6.67,12.7,155,78.9,51.2,4,14,3.67,6.98,6.29,0,0,,2024
44,Malik Willis,25,GNB,QB,7,2,2-0-0,40,54,74.1,550,3,5.6,0,0,20,37.1,51,10.2,11.3,13.8,78.6,124.8,79.6,8,37,12.9,8.27,9.24,0,1,,2024
45,Desmond Ridder,25,LVR,QB,6,1,0-1-0,52,85,61.2,458,2,2.4,2,2.4,24,42.1,28,5.4,4.8,8.8,76.3,73.6,28,10,64,10.53,4.15,3.62,0,0,,2024
46,Dorian Thompson-Robinson,25,CLE,QB,7,2,0-2-0,61,118,51.7,440,0,0,6,5.1,20,27.8,29,3.7,1.44,7.2,62.9,39.5,19.4,8,47,6.35,3.12,0.98,0,0,,2024
47,Marcus Mariota,31,WAS,QB,3,0,,34,44,77.3,364,4,9.1,0,0,22,55.3,29,8.3,10.09,10.7,121.3,131.2,87.8,3,29,6.38,7.13,8.83,1,1,,2024
48,Joshua Dobbs,29,SFO,QB,2,1,0-1-0,32,47,68.1,361,2,4.3,2,4.3,18,55.1,36,7.7,6.62,11.3,180.5,87.3,37.3,2,28,4.08,6.8,5.78,0,0,,2024
49,Jimmy Garoppolo,33,LAR,QB,1,1,0-1-0,27,41,65.9,334,2,4.9,1,2.4,16,50,50,8.1,8.02,12.4,334,97,48.2,3,15,6.82,7.25,7.14,0,0,,2024
50,Tanner McKee,24,PHI,QB,2,1,1-0-0,30,45,66.7,323,4,8.9,0,0,17,48.9,25,7.2,8.96,10.8,161.5,117.2,68.5,2,17,4.26,6.51,8.21,0,0,,2024
51,Kenny Pickett,26,PHI,QB,5,1,1-0-0,25,42,59.5,291,2,4.8,1,2.4,12,41.3,49,6.9,6.81,11.6,58.2,86.5,76,4,33,8.7,5.61,5.5,0,0,,2024
52,Tim Boyle,30,2TM,QB,3,0,,27,50,54,276,1,2,1,2,11,38.5,30,5.5,5.02,10.2,92,68.4,,2,11,3.85,5.1,4.62,0,0,,2024
53,Tim Boyle,30,MIA,QB,2,0,,15,26,57.7,153,0,0,0,0,7,40.7,30,5.9,5.88,10.2,76.5,74.7,,1,9,3.7,5.33,5.33,0,0,,2024
54,Tim Boyle,30,NYG,QB,1,0,,12,24,50,123,1,4.2,1,4.2,4,36,25,5.1,4.08,10.3,123,61.6,,1,2,4,4.84,3.84,0,0,,2024
55,Trey Lance,24,DAL,QB,4,1,0-1-0,25,41,61,266,0,0,1,2.4,13,40,33,6.5,5.39,10.6,66.5,69.8,38.9,4,23,8.89,5.4,4.4,0,0,,2024
56,Tommy DeVito,26,NYG,QB,3,2,0-2-0,31,44,70.5,257,0,0,0,0,15,46,23,5.8,5.84,8.3,85.7,85.1,27,6,31,12,4.52,4.52,0,0,,2024
57,Joe Milton,24,NWE,QB,1,0,,22,29,75.9,241,1,3.4,0,0,14,58.6,48,8.3,9,11,241,111.4,73,0,0,0,8.31,9,0,0,,2024
58,Jake Haener,25,NOR,QB,8,1,0-1-0,18,39,46.2,226,1,2.6,1,2.6,10,31.1,36,5.8,5.15,12.6,28.3,62.6,14.6,6,55,13.33,3.8,3.24,0,0,,2024
59,Davis Mills,26,HOU,QB,4,0,,20,36,55.6,212,0,0,0,0,9,36.8,25,5.9,5.89,10.6,53,72.9,67.8,2,18,5.26,5.11,5.11,0,0,,2024
60,Brandon Allen,32,SFO,QB,3,1,0-1-0,17,30,56.7,199,1,3.3,2,6.7,8,37.5,31,6.6,4.3,11.7,66.3,60.3,34.4,2,2,6.25,6.16,3.97,0,0,,2024
61,Skylar Thompson,27,MIA,QB,3,1,0-1-0,21,33,63.6,187,0,0,0,0,8,38.5,22,5.7,5.67,8.9,62.3,78.7,3.9,6,44,15.38,3.67,3.67,0,0,,2024
62,Mitchell Trubisky,30,BUF,QB,9,0,,19,26,73.1,179,2,7.7,0,0,7,42.3,69,6.9,8.42,9.4,19.9,117.3,61,0,0,0,6.88,8.42,0,0,,2024
63,Bailey Zappe,25,CLE,QB,1,1,0-1-0,16,31,51.6,170,1,3.2,2,6.5,8,34.4,30,5.5,3.23,10.6,170,51.8,19.6,1,5,3.13,5.16,2.97,0,0,,2024
64,Tyrod Taylor,35,NYJ,QB,2,0,,17,22,77.3,119,3,13.6,0,0,9,63.6,20,5.4,8.14,7,59.5,128.6,95.7,0,0,0,5.41,8.14,0,0,,2024
65,Carson Wentz,32,KAN,QB,3,1,0-1-0,12,19,63.2,118,0,0,0,0,5,26.1,25,6.2,6.21,9.8,39.3,80.6,22.9,4,22,17.39,4.17,4.17,0,0,,2024
66,Hendon Hooker,26,DET,QB,3,0,,6,9,66.7,62,0,0,0,0,3,40,21,6.9,6.89,10.3,20.7,86.3,42.6,1,9,10,5.3,5.3,0,0,,2024
67,Nick Mullens,29,MIN,QB,4,0,,2,2,100,38,0,0,0,0,2,100,24,19,19,19,9.5,118.7,97.8,0,0,0,19,19,0,0,,2024
68,Jaxon Smith-Njigba,22,SEA,WR,17,16,,1,1,100,35,0,0,0,0,1,100,35,35,35,35,2.1,118.7,100,0,0,0,35,35,0,0,,2024
69,AJ Cole III,29,LVR,P,17,0,,1,1,100,34,0,0,0,0,1,100,34,34,34,34,2,118.7,,0,0,0,34,34,0,0,,2024
70,Courtland Sutton,29,DEN,WR,17,13,,2,2,100,30,1,50,0,0,2,100,28,15,25,15,1.8,158.3,100,0,0,0,15,25,0,0,,2024
71,Taylor Heinicke,31,LAC,QB,4,0,,3,5,60,28,0,0,0,0,1,25,18,5.6,5.6,9.3,7,75.4,5.9,3,28,37.5,0,0,0,0,,2024
72,Mike White,29,BUF,QB,1,0,,3,11,27.3,28,0,0,0,0,1,9.1,14,2.5,2.55,9.3,28,39.6,14,0,0,0,2.55,2.55,0,0,,2024
73,Sam Howell,24,SEA,QB,2,0,,5,14,35.7,24,0,0,1,7.1,1,16.7,12,1.7,-1.5,4.8,12,14.6,3.3,4,21,22.22,0.17,-2.33,0,0,,2024
74,Adonai Mitchell,22,IND,WR,17,7,,1,1,100,24,0,0,0,0,1,100,24,24,24,24,1.4,118.7,73,0,0,0,24,24,0,0,,2024
75,Justin Jefferson,25,MIN,WR,17,17,,1,1,100,22,0,0,0,0,1,100,22,22,22,22,1.3,118.7,26.2,0,0,0,22,22,0,0,"PB,AP-1",2024
76,Taysom Hill,34,NOR,TE,8,8,,2,4,50,21,0,0,1,25,1,25,18,5.3,-6,10.5,2.6,26,92.1,0,0,0,5.25,-6,0,0,,2024
77,Cedrick Wilson Jr.,29,NOR,WR,15,4,,1,1,100,21,1,100,0,0,1,50,21,21,41,21,1.4,158.3,99.6,1,3,50,9,19,0,0,,2024
78,Kyle Allen,28,PIT,QB,1,0,,1,1,100,19,0,0,0,0,1,100,19,19,19,19,19,118.7,99.4,0,0,0,19,19,0,0,,2024
79,Jalen Coker,23,CAR,WR,11,4,,1,1,100,19,0,0,0,0,1,100,19,19,19,19,1.7,118.7,99.6,0,0,0,19,19,0,0,,2024
80,Jack Fox,28,DET,P,17,0,,1,1,100,17,0,0,0,0,1,100,17,17,17,17,1,118.7,,0,0,0,17,17,0,0,"PB,AP-1",2024
81,Josh Johnson,38,BAL,QB,6,0,,2,3,66.7,17,0,0,0,0,1,25,16,5.7,5.67,8.5,2.8,81.2,17.2,1,5,25,3,3,0,0,,2024
82,Stefon Diggs,31,HOU,WR,8,8,,1,1,100,13,0,0,0,0,1,100,13,13,13,13,1.6,118.7,13.6,0,0,0,13,13,0,0,,2024
83,Tyson Bagent,24,CHI,QB,4,0,,2,2,100,11,0,0,0,0,1,50,6,5.5,5.5,5.5,2.8,89.6,50.9,0,0,0,5.5,5.5,0,0,,2024
84,Clayton Tune,25,ARI,QB,6,0,,2,2,100,8,0,0,0,0,0,50,7,4,4,4,1.3,83.3,0.6,0,0,0,4,4,0,0,,2024
85,Amon-Ra St. Brown,25,DET,WR,17,17,,1,1,100,7,1,100,0,0,1,100,7,7,27,7,0.4,135.4,99.6,0,0,0,7,27,0,0,"PB,AP-1",2024
86,Kyle Trask,26,TAM,QB,4,0,,1,1,100,5,0,0,0,0,0,100,5,5,5,5,1.3,87.5,89.4,0,0,0,5,5,0,0,,2024
87,Bryan Anger,36,DAL,P,17,0,,1,2,50,4,0,0,0,0,0,,4,2,2,4,0.2,56.2,,0,0,0,2,2,0,0,,2024
88,Riley Dixon,31,DEN,P,17,0,,1,1,100,3,0,0,0,0,0,,3,3,3,3,0.2,79.2,,0,0,0,3,3,0,0,,2024
89,David Montgomery,27,DET,RB,14,14,,1,1,100,3,1,100,0,0,1,100,3,3,23,3,0.2,118.7,100,0,0,0,3,23,0,0,,2024
90,JK Scott,29,LAC,P,17,0,,1,1,100,3,0,0,0,0,0,,3,3,3,3,0.2,79.2,,0,0,0,3,3,0,0,,2024
91,Keenan Allen,32,CHI,WR,15,15,,0,1,0,0,0,0,1,100,0,,,0,-45,,0,0,0,0,0,0,0,-45,0,0,,2024
92,Tutu Atwell,25,LAR,WR,17,5,,0,1,0,0,0,0,0,0,0,,,0,0,,0,39.6,1.7,0,0,0,0,0,0,0,,2024
93,Saquon Barkley,27,PHI,RB,16,16,,0,0,,0,0,,0,,0,,,,,,0,,0.2,1,2,100,-2,-2,0,0,"PB,AP-1",2024
94,Kendrick Bourne,29,NWE,WR,12,9,,0,1,0,0,0,0,0,0,0,,,0,0,,0,39.6,4.2,0,0,0,0,0,0,0,,2024
95,Tyler Boyd,30,TEN,WR,16,8,,0,1,0,0,0,0,0,0,0,,,0,0,,0,39.6,4.1,0,0,0,0,0,0,0,,2024
96,Dyami Brown,25,WAS,WR,16,3,,0,1,0,0,0,0,0,0,0,,,0,0,,0,39.6,5.4,0,0,0,0,0,0,0,,2024
97,Ty Chandler,26,MIN,RB,17,0,,0,0,,0,0,,0,,0,,,,,,0,,1.3,1,1,100,-1,-1,0,0,,2024
98,Johnny Hekker,34,CAR,P,17,0,,0,2,0,0,0,0,0,0,0,,,0,0,,0,39.6,,0,0,0,0,0,0,0,,2024
99,Miles Killebrew,31,PIT,S,17,0,,0,1,0,0,0,0,0,0,0,,,0,0,,0,39.6,,0,0,0,0,0,0,0,,2024
100,Allen Lazard,29,NYJ,WR,12,10,,0,1,0,0,0,0,0,0,0,,,0,0,,0,39.6,0,0,0,0,0,0,0,0,,2024
101,Jakobi Meyers,28,LVR,WR,15,15,,0,0,,0,0,,0,,0,,,,,,0,,0,1,10,100,-10,-10,0,0,,2024
102,Joe Mixon,28,HOU,RB,14,14,,0,1,0,0,0,0,0,0,0,,,0,0,,0,39.6,1,0,0,0,0,0,0,0,PB,2024
103,Darnell Mooney,27,ATL,WR,16,16,,0,1,0,0,0,0,0,0,0,,,0,0,,0,39.6,3.6,0,0,0,0,0,0,0,,2024
104,D.J. Moore,27,CHI,WR,17,17,,0,1,0,0,0,0,0,0,0,,,0,0,,0,39.6,,0,0,0,0,0,0,0,,2024
105,Malik Nabers,21,NYG,WR,15,13,,0,1,0,0,0,0,0,0,0,,,0,0,,0,39.6,2.4,0,0,0,0,0,0,0,,2024
106,Chris Oladokun,27,KAN,QB,1,0,,0,0,,0,0,,0,,0,,,,,,0,,0,1,5,100,-5,-5,0,0,,2024
107,Ricky Pearsall,24,SFO,WR,11,4,,0,1,0,0,0,0,0,0,0,,,0,0,,0,39.6,2.1,0,0,0,0,0,0,0,,2024
108,Deebo Samuel,28,SFO,WR,15,15,,0,0,,0,0,,0,,0,,,,,,0,,,1,4,100,-4,-4,0,0,,2024
109,Penei Sewell,24,DET,T,17,17,,0,0,,0,0,,0,,0,,,,,,0,,1.9,1,1,100,-1,-1,0,0,"PB,AP-1",2024
110,Jared Goff,29,DET,QB,17,17,12/5/00,407,605,67.3,4575,30,5,12,2,227,50.9,70,7.6,7.66,11.2,269.1,97.9,60.3,30,197,4.72,6.89,6.99,2,3,,2023
111,Dak Prescott,30,DAL,QB,17,17,12/5/00,410,590,69.5,4516,36,6.1,9,1.5,222,51.5,92,7.7,8.19,11,265.6,105.9,72.7,39,255,6.2,6.77,7.28,2,3,"PB,AP-2,AP MVP-2,AP OPoY-5",2023
112,Josh Allen,27,BUF,QB,17,17,11/6/00,385,579,66.5,4306,29,5,18,3.1,199,50.7,81,7.4,7.04,11.2,253.3,92.2,69.6,24,152,3.98,6.89,6.51,2,4,"AP MVP-5,AP OPoY-6",2023
113,Brock Purdy,24,SFO,QB,16,16,12/4/00,308,444,69.4,4280,31,7,11,2.5,192,54.7,76,9.6,9.92,13.9,267.5,113,72.8,28,153,5.93,8.74,9.01,0,0,"PB,AP MVP-4,AP OPoY-6,AP CPoY-6",2023
114,Patrick Mahomes,28,KAN,QB,16,16,10/6/00,401,597,67.2,4183,27,4.5,14,2.3,206,48.2,67,7,6.86,10.4,261.4,92.6,63.1,27,186,4.33,6.41,6.26,1,2,"PB,AP MVP-7",2023
115,Jordan Love,25,GNB,QB,17,17,9/8/00,372,579,64.2,4159,32,5.5,11,1.9,209,47.6,77,7.2,7.43,11.2,244.6,96.1,62.1,30,242,4.93,6.43,6.67,2,3,,2023
116,C.J. Stroud,22,HOU,QB,15,15,9/6/00,319,499,63.9,4108,23,4.6,5,1,188,46.7,75,8.2,8.7,12.9,273.9,100.8,57.5,38,331,7.08,7.03,7.47,1,3,"PB,AP MVP-8,AP ORoY-1",2023
117,Baker Mayfield,28,TAM,QB,17,17,9/8/00,364,566,64.3,4044,28,4.9,10,1.8,188,44.7,75,7.1,7.34,11.1,237.9,94.6,54.3,40,232,6.6,6.29,6.47,1,2,"PB,AP CPoY-3",2023
118,Trevor Lawrence,24,JAX,QB,16,16,8/8/00,370,564,65.6,4016,21,3.7,14,2.5,179,46.4,65,7.1,6.75,10.9,251,88.5,56.1,35,224,5.84,6.33,5.98,1,2,,2023
119,Matthew Stafford,35,LAR,QB,15,15,9/6/00,326,521,62.6,3965,24,4.6,11,2.1,187,47.5,80,7.6,7.58,12.2,264.3,92.5,63.5,30,205,5.44,6.82,6.8,1,2,"PB,AP MVP-8,AP CPoY-4",2023
120,Sam Howell,23,WAS,QB,17,17,4/13/00,388,612,63.4,3946,21,3.4,21,3.4,180,42.7,51,6.4,5.59,10.2,232.1,78.9,42.4,65,449,9.6,5.17,4.39,2,2,,2023
121,Derek Carr,32,NOR,QB,17,17,9/8/00,375,548,68.4,3878,25,4.6,8,1.5,185,46.8,58,7.1,7.33,10.3,228.1,97.7,56.5,31,218,5.35,6.32,6.56,0,1,,2023
122,Jalen Hurts,25,PHI,QB,17,17,11/6/00,352,538,65.4,3858,23,4.3,15,2.8,185,46.7,63,7.2,6.77,11,226.9,89.1,60.1,36,222,6.27,6.33,5.96,3,4,PB,2023
123,Lamar Jackson,26,BAL,QB,16,16,13-3-0,307,457,67.2,3678,24,5.3,7,1.5,167,48.2,80,8,8.41,12,229.9,102.7,64.7,37,218,7.49,7,7.34,1,0,"PB,AP-1,AP MVP-1,AP OPoY-4,AP CPoY-9",2023
124,Geno Smith,33,SEA,QB,15,15,8/7/00,323,499,64.7,3624,20,4,9,1.8,169,47.2,73,7.3,7.25,11.2,241.6,92.1,59.5,31,231,5.85,6.4,6.39,4,5,PB,2023
125,Gardner Minshew II,27,IND,QB,17,13,7/6/00,305,490,62.2,3305,15,3.1,9,1.8,147,41.2,75,6.7,6.53,10.8,194.4,84.6,59.6,34,187,6.49,5.95,5.75,2,2,PB,2023
126,Justin Herbert,25,LAC,QB,13,13,5/8/00,297,456,65.1,3134,20,4.4,7,1.5,150,46.2,60,6.9,7.06,10.6,241.1,93.2,64.1,29,233,5.98,5.98,6.16,1,1,,2023
127,Russell Wilson,35,DEN,QB,15,15,7/8/00,297,447,66.4,3070,26,5.8,8,1.8,135,43.3,60,6.9,7.23,10.3,204.7,98,50.7,45,258,9.15,5.72,6.04,4,4,,2023
128,Bryce Young,22,CAR,QB,16,16,2/14/00,315,527,59.8,2877,11,2.1,10,1.9,133,36.5,48,5.5,5.02,9.1,179.8,73.7,33.4,62,477,10.53,4.07,3.68,2,2,,2023
129,Desmond Ridder,24,ATL,QB,15,13,6/7/00,249,388,64.2,2836,12,3.1,12,3.1,136,45.3,71,7.3,6.54,11.4,189.1,83.4,40.1,31,197,7.4,6.3,5.58,2,4,,2023
130,Justin Fields,24,CHI,QB,13,13,5/8/00,227,370,61.4,2562,16,4.3,9,2.4,121,38.4,58,6.9,6.69,11.3,197.1,86.3,46.1,44,285,10.63,5.5,5.29,1,1,,2023
131,Joshua Dobbs,28,2TM,QB,13,12,3/9/00,262,417,62.8,2464,13,3.1,10,2.4,126,41.6,69,5.9,5.45,9.4,189.5,79.5,,30,217,6.71,5.03,4.6,1,1,,2023
132,Joshua Dobbs,28,ARI,QB,8,8,1/7/00,167,266,62.8,1569,8,3,5,1.9,82,42,69,5.9,5.65,9.4,196.1,81.2,,17,126,6.01,5.1,4.87,0,0,,2023
133,Joshua Dobbs,28,MIN,QB,5,4,2/2/00,95,151,62.9,895,5,3.3,5,3.3,44,40.9,29,5.9,5.1,9.4,179,76.4,,13,91,7.93,4.9,4.14,1,1,,2023
134,Kirk Cousins,35,MIN,QB,8,8,4/4/00,216,311,69.5,2331,18,5.8,5,1.6,112,46.6,62,7.5,7.93,10.8,291.4,103.8,63.2,17,110,5.18,6.77,7.18,0,0,,2023
135,Joe Burrow,27,CIN,QB,10,10,5/5/00,244,365,66.8,2309,15,4.1,6,1.6,115,46,64,6.3,6.41,9.5,230.9,91,51.6,24,180,6.17,5.47,5.55,0,0,,2023
136,Zach Wilson,24,NYJ,QB,12,11,4/7/00,221,368,60.1,2271,8,2.2,7,1.9,104,36.5,68,6.2,5.75,10.3,189.3,77.2,30.6,46,340,11.11,4.66,4.29,3,2,,2023
137,Aidan O'Connell,25,LVR,QB,11,10,5/5/00,213,343,62.1,2218,12,3.5,7,2,107,43.6,50,6.5,6.25,10.4,201.6,83.9,40.5,24,173,6.54,5.57,5.37,0,1,,2023
138,Mac Jones,25,NWE,QB,11,11,2/9/00,224,345,64.9,2120,10,2.9,12,3.5,100,43.3,58,6.1,5.16,9.5,192.7,77,36.7,22,127,5.99,5.43,4.5,1,1,,2023
139,Kenny Pickett,25,PIT,QB,12,12,7/5/00,201,324,62,2070,6,1.9,4,1.2,91,40.3,72,6.4,6.2,10.3,172.5,81.4,38.1,23,173,6.63,5.47,5.29,3,3,,2023
140,Jake Browning,27,CIN,QB,9,7,4/3/00,171,243,70.4,1936,12,4.9,7,2.9,93,48.3,80,8,7.66,11.3,215.1,98.4,60.1,24,169,8.99,6.62,6.34,2,2,,2023
141,Will Levis,24,TEN,QB,9,9,3/6/00,149,255,58.4,1808,8,3.1,4,1.6,81,37.1,61,7.1,7.01,12.1,200.9,84.2,33.2,28,185,9.89,5.73,5.66,1,1,,2023
142,Kyler Murray,26,ARI,QB,8,8,3/5/00,176,268,65.7,1799,10,3.7,5,1.9,88,43.7,48,6.7,6.62,10.2,224.9,89.4,47.2,18,119,6.29,5.87,5.79,2,2,AP CPoY-9,2023
143,Joe Flacco,38,CLE,QB,5,5,4/1/00,123,204,60.3,1616,13,6.4,8,3.9,60,46.7,75,7.9,7.43,13.1,323.2,90.2,48.3,8,57,3.77,7.35,6.88,1,1,AP CPoY-1,2023
144,Ryan Tannehill,35,TEN,QB,10,8,3/5/00,149,230,64.8,1616,4,1.7,7,3,74,40.8,70,7,6,10.8,161.6,78.5,35.1,32,230,12.21,5.29,4.39,1,1,,2023
145,Tyrod Taylor,34,NYG,QB,11,5,2/3/00,116,180,64.4,1341,5,2.8,3,1.7,52,43.7,80,7.5,7.26,11.6,121.9,89.1,47.7,17,94,8.63,6.33,6.15,0,0,,2023
146,Nick Mullens,28,MIN,QB,5,3,0-3-0,100,148,67.6,1306,7,4.7,8,5.4,57,47.5,47,8.8,7.34,13.1,261.2,88.4,49.8,12,105,7.5,7.51,6.13,0,1,,2023
147,Bailey Zappe,24,NWE,QB,10,6,2/4/00,127,212,59.9,1272,6,2.8,9,4.2,53,34.2,48,6,4.66,10,127.2,68.7,23.3,25,191,10.55,4.56,3.36,0,1,,2023
148,Jimmy Garoppolo,32,LVR,QB,7,6,3/3/00,110,169,65.1,1205,7,4.1,9,5.3,60,47.5,32,7.1,5.56,11,172.1,77.7,33.9,14,101,7.65,6.03,4.58,2,2,,2023
149,Easton Stick,28,LAC,QB,5,4,0-4-0,111,174,63.8,1129,3,1.7,1,0.6,53,43.1,79,6.5,6.57,10.2,225.8,85.6,51,14,122,7.45,5.36,5.44,0,0,,2023
150,Deshaun Watson,28,CLE,QB,6,6,5/1/00,105,171,61.4,1115,7,4.1,4,2.3,52,38.3,59,6.5,6.29,10.6,185.8,84.3,42.9,17,85,9.04,5.48,5.27,1,1,,2023
151,Tommy DeVito,25,NYG,QB,9,6,3/3/00,114,178,64,1101,8,4.5,3,1.7,46,32.1,41,6.2,6.33,9.7,122.3,89.2,23.7,37,196,17.21,4.21,4.33,1,2,,2023
152,Daniel Jones,26,NYG,QB,6,6,1/5/00,108,160,67.5,909,2,1.3,6,3.8,43,37.4,58,5.7,4.24,8.4,151.5,70.5,36.3,30,167,15.79,3.91,2.69,1,1,,2023
153,Taylor Heinicke,30,ATL,QB,5,4,1/3/00,74,136,54.4,890,5,3.7,4,2.9,41,40.3,75,6.5,5.96,12,178,74.7,47.7,8,47,5.56,5.85,5.3,0,0,,2023
154,Tyson Bagent,23,CHI,QB,5,4,2/2/00,94,143,65.7,859,3,2.1,6,4.2,48,52,41,6,4.54,9.1,171.8,71.4,51.8,5,35,3.38,5.57,4.15,0,0,,2023
155,Trevor Siemian,32,NYJ,QB,5,3,2/1/00,86,153,56.2,724,2,1.3,4,2.6,35,34.2,30,4.7,3.82,8.4,144.8,62.1,14.4,8,40,4.97,4.25,3.38,1,1,,2023
156,Mason Rudolph,28,PIT,QB,4,3,3-0-0,55,74,74.3,719,3,4.1,0,0,26,47.5,86,9.7,10.53,13.1,179.8,118,70.6,6,43,7.5,8.45,9.2,0,1,,2023
157,P.J. Walker,28,CLE,QB,6,2,1/1/00,54,111,48.6,674,1,0.9,5,4.5,27,32.8,58,6.1,4.23,12.5,112.3,52.2,18.6,11,90,9.02,4.79,3.11,2,2,,2023
158,Mitchell Trubisky,29,PIT,QB,5,2,0-2-0,67,107,62.6,632,4,3.7,5,4.7,36,50,26,5.9,4.55,9.4,126.4,71.9,34.6,7,42,6.14,5.18,3.9,0,0,,2023
159,Anthony Richardson,21,IND,QB,4,4,2/2/00,50,84,59.5,577,3,3.6,1,1.2,31,44,39,6.9,7.05,11.5,144.3,87.3,45,7,29,7.69,6.02,6.19,0,0,,2023
160,Drew Lock,27,SEA,QB,4,2,1/1/00,48,76,63.2,543,3,3.9,3,3.9,20,40.2,51,7.1,6.16,11.3,135.8,81.2,44.1,6,26,7.32,6.3,5.39,1,1,,2023
161,Jarrett Stidham,27,DEN,QB,3,2,1/1/00,40,66,60.6,496,2,3,1,1.5,19,45.2,54,7.5,7.44,12.4,165.3,87.7,31.1,7,46,9.59,6.16,6.1,0,0,,2023
162,Dorian Thompson-Robinson,24,CLE,QB,8,3,1/2/00,60,112,53.6,440,1,0.9,4,3.6,26,35.6,23,3.9,2.5,7.3,55,51.2,34.4,6,60,5.08,3.22,1.86,0,1,,2023
163,Andy Dalton,36,CAR,QB,3,1,0-1-0,34,58,58.6,361,2,3.4,0,0,17,42.6,47,6.2,6.91,10.6,120.3,88.4,48.4,3,27,4.92,5.48,6.13,0,0,,2023
164,Tim Boyle,29,NYJ,QB,3,2,0-2-0,48,77,62.3,360,1,1.3,4,5.2,16,29.1,36,4.7,2.6,7.5,120,56.2,10.9,9,64,10.47,3.44,1.58,0,0,,2023
165,C.J. Beathard,30,JAX,QB,7,1,1-0-0,40,53,75.5,349,1,1.9,0,0,19,47.5,48,6.6,6.96,8.7,49.9,98.7,55.2,6,27,10.17,5.46,5.8,0,0,,2023
166,Sam Darnold,26,SFO,QB,10,1,0-1-0,28,46,60.9,297,2,4.3,1,2.2,15,46.2,48,6.5,6.35,10.6,29.7,85.1,49.3,6,40,11.54,4.94,4.85,0,0,,2023
167,Case Keenum,35,HOU,QB,2,2,1/1/00,34,53,64.2,291,1,1.9,3,5.7,14,40.7,41,5.5,3.32,8.6,145.5,61.1,21.2,6,60,10.17,3.92,1.97,1,1,,2023
168,Jameis Winston,29,NOR,QB,7,0,,25,47,53.2,264,2,4.3,3,6.4,10,32.7,30,5.6,3.6,10.6,37.7,57.4,35.6,2,13,4.08,5.12,3.18,0,0,,2023
169,Brian Hoyer,38,LVR,QB,3,1,0-1-0,23,42,54.8,231,0,0,2,4.8,14,44.2,48,5.5,3.36,10,77,50.8,69,1,8,2.33,5.19,3.09,0,0,,2023
170,Jacoby Brissett,31,WAS,QB,3,0,,18,23,78.3,224,3,13,0,0,10,56.5,48,9.7,12.35,12.4,74.7,146.8,95.6,0,0,0,9.74,12.35,0,0,,2023
171,Tyler Huntley,25,BAL,QB,5,1,0-1-0,21,37,56.8,203,3,8.1,0,0,13,41.5,27,5.5,7.11,9.7,40.6,99.3,56.7,4,28,9.76,4.27,5.73,0,0,,2023
172,Blaine Gabbert,34,KAN,QB,2,1,1-0-0,18,35,51.4,185,0,0,3,8.6,8,30.6,37,5.3,1.43,10.3,92.5,31.2,47.1,1,9,2.78,4.89,1.14,1,1,,2023
173,Davis Mills,25,HOU,QB,6,0,,18,39,46.2,173,2,5.1,0,0,12,36.6,19,4.4,5.46,9.6,28.8,76.1,48.7,2,13,4.88,3.9,4.88,0,0,,2023
174,Brett Rypien,27,LAR,QB,2,1,0-1-0,18,38,47.4,172,0,0,1,2.6,8,25,34,4.5,3.34,9.6,86,49.5,19.9,2,18,5,3.85,2.73,0,0,,2023
175,Jaren Hall,25,MIN,QB,3,2,1/1/00,13,20,65,168,0,0,1,5,7,37.5,47,8.4,6.15,12.9,56,70.4,5.1,4,28,16.67,5.83,3.96,0,0,,2023
176,Jeff Driskel,30,CLE,QB,1,1,0-1-0,13,26,50,166,2,7.7,2,7.7,8,34.5,31,6.4,4.46,12.8,166,63.9,4.1,3,26,10.34,4.83,3.1,0,0,,2023
177,Marcus Mariota,30,PHI,QB,3,0,,15,23,65.2,164,1,4.3,1,4.3,10,53.8,22,7.1,6.04,10.9,54.7,82.5,59.9,3,11,11.54,5.88,4.92,0,0,,2023
178,Carson Wentz,31,LAR,QB,2,1,1-0-0,17,24,70.8,163,2,8.3,1,4.2,11,57.7,29,6.8,6.58,9.6,81.5,99.8,89.9,2,14,7.69,5.73,5.54,1,1,,2023
179,Cooper Rush,30,DAL,QB,7,0,,18,24,75,144,0,0,1,4.2,7,52,29,6,4.13,8,20.6,72.2,52.1,1,8,4,5.44,3.64,0,0,,2023
180,Taysom Hill,33,NOR,TE/QB,16,7,,6,11,54.5,83,1,9.1,0,0,4,46.2,44,7.5,9.36,13.8,5.2,109.3,50,2,4,15.38,6.08,7.62,0,1,,2023
181,Mike White,28,MIA,QB,6,0,,5,6,83.3,74,1,16.7,1,16.7,1,16.7,68,12.3,8.17,14.8,12.3,118.1,0.1,0,0,0,12.33,8.17,0,0,,2023
182,Malik Willis,24,TEN,QB,3,0,,4,5,80,74,0,0,0,0,1,44.4,48,14.8,14.8,18.5,24.7,118.7,3,4,30,44.44,4.89,4.89,0,0,,2023
183,Clayton Tune,24,ARI,QB,7,1,0-1-0,12,21,57.1,62,0,0,2,9.5,3,17.9,14,3,-1.33,5.2,8.9,22.6,1.2,7,41,25,0.75,-2.46,0,0,,2023
184,Keenan Allen,31,LAC,WR,13,13,,1,2,50,49,1,50,0,0,1,50,49,24.5,34.5,49,3.8,135.4,98.8,0,0,0,24.5,34.5,0,0,PB,2023
185,Sean Clifford,25,GNB,QB,2,0,,1,1,100,37,0,0,0,0,1,100,37,37,37,37,18.5,118.7,100,0,0,0,37,37,0,0,,2023
186,Jalen Reeves-Maybin,28,DET,LB,17,0,,1,1,100,31,0,0,0,0,1,100,31,31,31,31,1.8,118.7,,0,0,0,31,31,0,0,"PB,AP-2",2023
187,Braden Mann,26,PHI,P,15,0,,1,1,100,28,0,0,0,0,1,100,28,28,28,28,1.9,118.7,,0,0,0,28,28,0,0,,2023
188,Logan Woodside,28,ATL,QB,1,0,,3,4,75,27,0,0,1,25,3,60,12,6.8,-4.5,9,27,53.1,4.4,1,7,20,4,-5,0,0,,2023
189,Drake London,22,ATL,WR,16,16,,1,1,100,22,0,0,0,0,1,100,22,22,22,22,1.4,118.7,99.9,0,0,0,22,22,0,0,,2023
190,A.J. McCarron,33,CIN,QB,2,0,,4,5,80,19,0,0,0,0,0,,10,3.8,3.8,4.8,9.5,82.5,1.6,1,9,16.67,1.67,1.67,0,0,,2023
191,Thomas Morstead,37,NYJ,P,17,0,,1,1,100,18,0,0,0,0,1,100,18,18,18,18,1.1,118.7,,0,0,0,18,18,0,0,,2023
192,Kenneth Gainwell,24,PHI,RB,16,2,,1,1,100,17,0,0,0,0,1,100,17,17,17,17,1.1,118.7,98.9,0,0,0,17,17,0,0,,2023
193,Derrick Henry,29,TEN,RB,17,17,,2,3,66.7,14,2,66.7,0,0,2,66.7,12,4.7,18,7,0.8,116.7,94.5,0,0,0,4.67,18,0,0,PB,2023
194,Dontayvion Wicks,22,GNB,WR,15,6,,1,1,100,14,0,0,0,0,1,100,14,14,14,14,0.9,118.7,94.3,0,0,0,14,14,0,0,,2023
195,Logan Cooke,28,JAX,P,17,0,,1,1,100,13,0,0,0,0,1,100,13,13,13,13,0.8,118.7,,0,0,0,13,13,0,0,,2023
196,Jakobi Meyers,27,LVR,WR,16,16,,2,3,66.7,12,1,33.3,0,0,1,66.7,9,4,10.67,6,0.8,113.9,39,0,0,0,4,10.67,0,0,,2023
197,Tommy Townsend,27,KAN,P,17,0,,1,1,100,11,0,0,0,0,1,100,11,11,11,11,0.6,112.5,,0,0,0,11,11,0,0,,2023
198,Johnny Hekker,33,CAR,P,17,0,,1,1,100,7,0,0,0,0,0,,7,7,7,7,0.4,95.8,,0,0,0,7,7,0,0,,2023
199,Devin Singletary,26,HOU,RB,17,10,,1,1,100,6,1,100,0,0,1,100,6,6,26,6,0.4,131.2,100,0,0,0,6,26,0,0,,2023
200,Dyami Brown,24,WAS,WR,17,1,,1,1,100,4,0,0,0,0,0,,4,4,4,4,0.2,83.3,2.2,0,0,0,4,4,0,0,,2023
201,Jerick McKinnon,31,KAN,RB,12,0,,1,1,100,4,1,100,0,0,1,100,4,4,24,4,0.3,122.9,89.8,0,0,0,4,24,0,0,,2023
202,De'Von Achane,22,MIA,RB,11,4,,0,0,,0,0,,0,,0,,,,,,0,,0.1,1,6,100,-6,-6,0,0,,2023
203,Cam Akers,24,MIN,RB,6,0,,0,0,,0,0,,0,,0,,,,,,0,,,1,7,100,-7,-7,0,0,,2023
204,Tyler Boyd,29,CIN,WR,17,13,,0,1,0,0,0,0,1,100,0,,,0,-45,,0,0,0,0,0,0,0,-45,0,0,,2023
205,Parris Campbell,26,NYG,WR,12,3,,0,0,,0,0,,0,,0,,,,,,0,,0,1,8,100,-8,-8,0,0,,2023
206,Malik Cunningham,25,NWE,QB,1,0,,0,0,,0,0,,0,,0,,,,,,0,,,1,5,100,-5,-5,0,0,,2023
207,DeeJay Dallas,25,SEA,RB,17,0,,0,0,,0,0,,0,,0,,,,,,0,,12.4,1,0,100,0,0,0,0,,2023
208,Tank Dell,24,HOU,WR,11,8,,0,0,,0,0,,0,,0,,,,,,0,,1.1,1,1,100,-1,-1,0,0,,2023
209,Chris Godwin,27,TAM,WR,17,17,,0,1,0,0,0,0,0,0,0,,,0,0,,0,39.6,0.8,0,0,0,0,0,0,0,,2023
210,Connor Heyward,24,PIT,TE,17,7,,0,1,0,0,0,0,0,0,0,,,0,0,,0,39.6,7.1,0,0,0,0,0,0,0,,2023
211,DeAndre Hopkins,31,TEN,WR,17,16,,0,1,0,0,0,0,0,0,0,,,0,0,,0,39.6,17.2,0,0,0,0,0,0,0,,2023
212,Tanner Hudson,29,CIN,TE,12,1,,0,0,,0,0,,0,,0,,,,,,0,,0,1,4,100,-4,-4,0,0,,2023
213,Josh Jacobs,25,LVR,RB,13,13,,0,0,,0,0,,0,,0,,,,,,0,,0.2,1,4,100,-4,-4,0,0,,2023
214,Justin Jefferson,24,MIN,WR,10,9,,0,1,0,0,0,0,0,0,0,,,0,0,,0,39.6,14.2,0,0,0,0,0,0,0,,2023
215,Nathan Peterman,29,CHI,QB,2,0,,0,0,,0,0,,0,,0,,,,,,0,,2.1,1,5,100,-5,-5,0,0,,2023
216,Aaron Rodgers,40,NYJ,QB,1,1,1-0-0,0,1,0,0,0,0,0,0,0,,,0,0,,0,39.6,2.5,1,10,50,-5,-5,0,0,,2023
217,Deebo Samuel,27,SFO,WR,15,15,,0,1,0,0,0,0,0,0,0,,,0,0,,0,39.6,4.8,0,0,0,0,0,0,0,,2023
218,Jonnu Smith,28,ATL,TE,17,6,,0,1,0,0,0,0,0,0,0,,,0,0,,0,39.6,0.7,0,0,0,0,0,0,0,,2023
219,Amon-Ra St. Brown,24,DET,WR,16,16,,0,0,,0,0,,0,,0,,,,,,0,,0,1,8,100,-8,-8,0,0,"PB,AP-1",2023
220,Kadarius Toney,24,KAN,WR,13,2,,0,1,0,0,0,0,0,0,0,,,0,0,,0,39.6,0.3,0,0,0,0,0,0,0,,2023
221,Kyle Trask,25,TAM,QB,2,0,,0,1,0,0,0,0,0,0,0,,,0,0,,0,39.6,1.2,0,0,0,0,0,0,0,,2023
222,Cedrick Wilson Jr.,28,MIA,WR,15,3,,0,0,,0,0,,0,,0,,,,,,0,,0.1,1,7,100,-7,-7,0,0,,2023
223,Garrett Wilson,23,NYJ,WR,17,17,,0,1,0,0,0,0,0,0,0,,,0,0,,0,39.6,3.2,0,0,0,0,0,0,0,,2023
224,Christian Kirk,27,JAX,WR,12,12,,1,2,50,-1,0,0,0,0,0,,,-0.5,-0.5,-1,-0.1,56.2,3.1,0,0,0,-0.5,-0.5,0,0,,2023
225,Ja'Marr Chase,23,CIN,WR,16,16,,1,1,100,-7,0,0,0,0,0,,-7,-7,-7,-7,-0.4,79.2,1.8,0,0,0,-7,-7,0,0,PB,2023
226,Justin Herbert,24,LAC,QB,17,17,10/7/00,477,699,68.2,4739,25,3.6,10,1.4,228,46.3,55,6.8,6.85,9.9,278.8,93.2,60.2,38,206,5.16,6.15,6.22,4,5,AP MVP-9,2022
227,Tom Brady,45,TAM,QB,17,17,8/9/00,490,733,66.8,4694,25,3.4,9,1.2,237,49.5,63,6.4,6.53,9.6,276.1,90.7,54.6,22,160,2.91,6.01,6.13,4,5,,2022
228,Kirk Cousins,34,MIN,QB,17,17,13-4-0,424,643,65.9,4547,29,4.5,14,2.2,230,46.3,66,7.1,6.99,10.7,267.5,92.5,52.3,46,329,6.68,6.12,6.05,8,8,PB,2022
229,Joe Burrow,26,CIN,QB,16,16,12/4/00,414,606,68.3,4475,35,5.8,12,2,222,50.1,60,7.4,7.65,10.8,279.7,100.8,60.8,41,259,6.34,6.52,6.76,3,4,"PB,AP MVP-4,AP OPoY-9",2022
230,Jared Goff,28,DET,QB,17,17,9/8/00,382,587,65.1,4438,29,4.9,7,1.2,227,50.3,81,7.6,8.01,11.6,261.1,99.3,63.3,23,156,3.77,7.02,7.45,3,3,"PB,AP CPoY-6",2022
231,Josh Allen,26,BUF,QB,16,16,13-3-0,359,567,63.3,4283,35,6.2,14,2.5,214,52.2,98,7.6,7.68,11.9,267.7,96.6,73.4,33,162,5.5,6.87,6.99,3,4,"PB,AP MVP-3,AP OPoY-8",2022
232,Geno Smith,32,SEA,QB,17,17,9/8/00,399,572,69.8,4282,30,5.2,11,1.9,206,48.2,54,7.5,7.67,10.7,251.9,100.9,62.8,46,348,7.44,6.37,6.54,2,3,"PB,AP MVP-9,AP CPoY-1",2022
233,Trevor Lawrence,23,JAX,QB,17,17,9/8/00,387,584,66.3,4113,25,4.3,8,1.4,206,48.1,59,7,7.28,10.6,241.9,95.2,56.1,27,184,4.42,6.43,6.66,3,2,"PB,AP MVP-7,AP CPoY-12",2022
234,Jalen Hurts,24,PHI,QB,15,15,14-1-0,306,460,66.5,3701,22,4.8,6,1.3,165,46.4,68,8,8.42,12.1,246.7,101.5,68.3,38,231,7.63,6.97,7.31,1,2,"PB,AP-2,AP MVP-2,AP OPoY-3",2022
235,Aaron Rodgers,39,GNB,QB,17,17,8/9/00,350,542,64.6,3695,26,4.8,12,2.2,177,45.1,58,6.8,6.78,10.6,217.4,91.1,41.3,32,258,5.57,5.99,5.95,3,4,,2022
236,Tua Tagovailoa,24,MIA,QB,13,13,8/5/00,259,400,64.8,3548,25,6.3,8,2,162,49.9,84,8.9,9.22,13.7,272.9,105.5,70.6,21,163,4.99,8.04,8.37,2,2,AP MVP-9,2022
237,Russell Wilson,34,DEN,QB,15,15,4/11/00,292,483,60.5,3524,16,3.3,11,2.3,142,36.2,67,7.3,6.93,12.1,234.9,84.4,38.7,55,368,10.22,5.87,5.54,3,3,,2022
238,Derek Carr,31,LVR,QB,15,15,6/9/00,305,502,60.8,3522,24,4.8,14,2.8,161,42.3,60,7,6.72,11.5,234.8,86.3,57.6,27,191,5.1,6.3,6.01,4,3,PB,2022
239,Daniel Jones,25,NYG,QB,16,16,9/6/01,317,472,67.2,3205,15,3.2,5,1.1,156,45.7,65,6.8,6.95,10.1,200.3,92.5,62.9,44,243,8.53,5.74,5.89,4,5,AP CPoY-11,2022
240,Davis Mills,24,HOU,QB,15,15,3/10/01,292,479,61,3118,17,3.5,15,3.1,135,40,58,6.5,5.81,10.7,207.9,78.8,35,31,244,6.08,5.64,4.98,2,3,,2022
241,Matt Ryan,37,IND,QB,12,12,4/7/01,309,461,67,3057,14,3,13,2.8,156,44.9,45,6.6,5.97,9.9,254.8,83.9,44.9,38,287,7.62,5.55,4.94,5,4,,2022
242,Mac Jones,24,NWE,QB,14,14,6/8/00,288,442,65.2,2997,14,3.2,11,2.5,127,41.4,48,6.8,6.29,10.4,214.1,84.8,38.4,34,231,7.14,5.81,5.36,0,0,,2022
243,Andy Dalton,35,NOR,QB,14,14,6/8/00,252,378,66.7,2871,18,4.8,9,2.4,135,48.9,64,7.6,7.48,11.4,205.1,95.2,53.1,25,189,6.2,6.66,6.54,1,1,,2022
244,Dak Prescott,29,DAL,QB,12,12,8/4/00,261,394,66.2,2860,23,5.8,15,3.8,142,51.7,68,7.3,6.71,11,238.3,91.1,59.9,20,126,4.83,6.6,6.08,2,2,,2022
245,Jacoby Brissett,30,CLE,QB,16,11,4/7/00,236,369,64,2608,12,3.3,6,1.6,129,44.5,55,7.1,6.99,11.1,163,88.9,62,24,160,6.11,6.23,6.15,2,2,,2022
246,Ryan Tannehill,34,TEN,QB,12,12,6/6/00,212,325,65.2,2536,13,4,6,1.8,116,45.3,69,7.8,7.77,12,211.3,94.6,51.2,33,238,9.22,6.42,6.39,0,0,,2022
247,Jimmy Garoppolo,31,SFO,QB,11,10,7/3/00,207,308,67.2,2437,16,5.2,4,1.3,114,53.1,57,7.9,8.37,11.8,221.5,103,56.3,18,100,5.52,7.17,7.6,1,1,,2022
248,Kenny Pickett,24,PIT,QB,13,12,7/5/00,245,389,63,2404,7,1.8,9,2.3,123,44,57,6.2,5.5,9.8,184.9,76.7,53.6,27,182,6.49,5.34,4.7,3,4,AP ORoY-6,2022
249,Kyler Murray,25,ARI,QB,11,11,3/8/00,259,390,66.4,2368,14,3.6,7,1.8,119,45.1,38,6.1,5.98,9.1,215.3,87.2,53.6,25,192,6.02,5.24,5.16,1,1,,2022
250,Justin Fields,23,CHI,QB,15,15,3/12/00,192,318,60.4,2242,17,5.3,11,3.5,91,36.7,56,7.1,6.56,11.7,149.5,85.2,56.3,55,359,14.75,5.05,4.63,1,2,AP MVP-9,2022
251,Lamar Jackson,25,BAL,QB,12,12,8/4/00,203,326,62.3,2242,17,5.2,7,2.1,105,44.6,75,6.9,6.95,11,186.8,91.1,61.1,26,114,7.39,6.05,6.12,1,2,,2022
252,Marcus Mariota,29,ATL,QB,13,13,5/8/00,184,300,61.3,2219,15,5,9,3,111,45.1,75,7.4,7.05,12.1,170.7,88.2,57.7,28,195,8.54,6.17,5.85,2,3,,2022
253,Baker Mayfield,27,2TM,QB,12,10,2/8/00,201,335,60,2163,10,3,8,2.4,94,38,75,6.5,5.98,10.8,180.3,79,,36,217,9.7,5.25,4.81,1,1,,2022
254,Baker Mayfield,27,CAR,QB,7,6,1/5/00,119,206,57.8,1313,6,2.9,6,2.9,49,36,75,6.4,5.65,11,187.6,74.4,,19,126,8.44,5.28,4.61,0,0,,2022
255,Baker Mayfield,27,LAR,QB,5,4,1/3/00,82,129,63.6,850,4,3.1,2,1.6,45,41.1,39,6.6,6.51,10.4,170,86.4,,17,91,11.64,5.2,5.13,1,1,,2022
256,Matthew Stafford,34,LAR,QB,9,9,3/6/00,206,303,68,2087,10,3.3,8,2.6,105,49.7,75,6.9,6.36,10.1,231.9,87.4,52.3,29,208,8.73,5.66,5.18,0,0,,2022
257,Taylor Heinicke,29,WAS,QB,9,9,5/3/01,161,259,62.2,1859,12,4.6,6,2.3,93,43.2,61,7.2,7.06,11.5,206.6,89.6,46.5,19,141,6.83,6.18,6.07,2,1,,2022
258,Carson Wentz,30,WAS,QB,8,7,2/5/00,172,276,62.3,1755,11,4,9,3.3,85,42.4,75,6.4,5.69,10.2,219.4,80.2,34.4,26,159,8.61,5.28,4.67,2,2,,2022
259,Zach Wilson,23,NYJ,QB,9,9,5/4/00,132,242,54.5,1688,6,2.5,7,2.9,73,37.7,79,7,6.17,12.8,187.6,72.8,38.5,23,175,8.68,5.71,4.97,1,2,,2022
260,Brock Purdy,23,SFO,QB,9,5,5-0-0,114,170,67.1,1374,13,7.6,4,2.4,66,50.3,54,8.1,8.55,12.1,152.7,107.3,67.5,11,84,6.08,7.13,7.57,1,1,AP ORoY-3,2022
261,Mitchell Trubisky,28,PIT,QB,7,5,2/3/00,117,180,65,1252,4,2.2,5,2.8,65,45.5,45,7,6.15,10.7,178.9,81.1,58.5,11,68,5.76,6.2,5.44,0,1,,2022
262,Mike White,27,NYJ,QB,4,4,1/3/00,103,175,58.9,1192,3,1.7,4,2.3,56,41.3,60,6.8,6.13,11.6,298,75.7,38.9,9,76,4.89,6.07,5.41,0,0,,2022
263,Sam Darnold,25,CAR,QB,6,6,4/2/00,82,140,58.6,1143,7,5,3,2.1,57,44,52,8.2,8.2,13.9,190.5,92.6,51.4,10,78,6.67,7.1,7.13,0,1,,2022
264,Deshaun Watson,27,CLE,QB,6,6,3/3/00,99,170,58.2,1102,7,4.1,5,2.9,53,41.6,46,6.5,5.98,11.1,183.7,79.1,40.4,20,106,10.53,5.24,4.79,0,0,,2022
265,Joe Flacco,37,NYJ,QB,5,4,1/3/00,110,191,57.6,1051,5,2.6,3,1.6,55,39.3,66,5.5,5.32,9.6,210.2,75.2,36.1,10,66,4.98,4.9,4.73,1,1,,2022
266,Cooper Rush,29,DAL,QB,9,5,4/1/00,94,162,58,1051,5,3.1,3,1.9,52,38.5,46,6.5,6.27,11.2,116.8,80,60.8,7,49,4.14,5.93,5.72,0,2,,2022
267,Jameis Winston,28,NOR,QB,3,3,1/2/00,73,115,63.5,858,4,3.5,5,4.3,35,43.7,51,7.5,6.2,11.8,286,79.5,34.7,11,74,8.73,6.22,5.07,1,1,,2022
268,Bailey Zappe,23,NWE,QB,4,2,2-0-0,65,92,70.7,781,5,5.4,3,3.3,37,50,53,8.5,8.11,12,195.3,100.9,36.4,6,40,6.12,7.56,7.2,0,0,,2022
269,Colt McCoy,36,ARI,QB,4,3,1/2/00,90,132,68.2,780,1,0.8,3,2.3,34,39.3,47,5.9,5.04,8.7,195,76.6,39.3,13,97,8.97,4.71,3.92,0,0,,2022
270,P.J. Walker,27,CAR,QB,6,5,2/3/00,63,106,59.4,731,3,2.8,3,2.8,30,35.4,62,6.9,6.19,11.6,121.8,78,25.1,7,46,6.19,6.06,5.4,0,0,,2022
271,Desmond Ridder,23,ATL,QB,4,4,2/2/00,73,115,63.5,708,2,1.7,0,0,37,43.5,40,6.2,6.5,9.7,177,86.4,52,9,33,7.26,5.44,5.77,1,1,,2022
272,Teddy Bridgewater,30,MIA,QB,5,2,0-2-0,49,79,62,683,4,5.1,4,5.1,32,45.3,64,8.6,7.38,13.9,136.6,85.6,49.5,7,45,8.14,7.42,6.26,0,0,,2022
273,Gardner Minshew II,26,PHI,QB,5,2,0-2-0,44,76,57.9,663,3,3.9,3,3.9,30,43.9,78,8.7,7.74,15.1,132.6,83.4,41.6,6,28,7.32,7.74,6.83,0,0,,2022
274,Tyler Huntley,24,BAL,QB,6,4,2/2/00,75,112,67,658,2,1.8,3,2.7,31,42.9,40,5.9,5.03,8.8,109.7,77.2,43,7,34,5.88,5.24,4.45,1,1,PB,2022
275,Jarrett Stidham,26,LVR,QB,5,2,0-2-0,53,83,63.9,656,4,4.8,3,3.6,32,43.3,60,7.9,7.24,12.4,131.2,89.2,59.7,7,47,7.78,6.77,6.16,0,0,,2022
276,Sam Ehlinger,24,IND,QB,4,3,0-3-0,64,101,63.4,573,3,3,3,3,28,40.9,47,5.7,4.93,9,143.3,76.1,33.8,14,87,12.17,4.23,3.57,0,0,,2022
277,Skylar Thompson,25,MIA,QB,7,2,1/1/00,60,105,57.1,534,1,1,3,2.9,26,36,32,5.1,3.99,8.9,76.3,62.2,28.7,6,40,5.41,4.45,3.41,0,1,,2022
278,Brett Rypien,26,DEN,QB,4,2,1/1/00,53,88,60.2,483,2,2.3,4,4.5,24,41.7,45,5.5,3.9,9.1,120.8,63.8,25.8,8,47,8.33,4.54,3.08,0,0,,2022
279,Kyle Allen,26,HOU,QB,2,2,0-2-0,46,78,59,416,2,2.6,4,5.1,19,33.7,39,5.3,3.54,9,208,60.6,3.7,5,41,6.02,4.52,2.83,0,0,,2022
280,Trace McSorley,27,ARI,QB,6,1,0-1-0,45,83,54.2,412,0,0,5,6,17,29.1,47,5,2.25,9.2,68.7,42.8,10.6,3,27,3.49,4.48,1.86,0,0,,2022
281,Joshua Dobbs,27,TEN,QB,2,2,0-2-0,40,68,58.8,411,2,2.9,2,2.9,25,39.2,39,6,5.31,10.3,205.5,73.8,52.8,6,26,8.11,5.2,4.53,0,0,,2022
282,David Blough,27,ARI,QB,2,2,0-2-0,38,58,65.5,402,2,3.4,2,3.4,18,36.5,77,6.9,6.07,10.6,201,82.7,29.8,5,24,7.94,6,5.21,0,0,,2022
283,John Wolford,27,LAR,QB,3,3,1/2/00,38,62,61.3,390,1,1.6,3,4.8,19,43.5,30,6.3,4.44,10.3,130,64.6,24.2,7,49,10.14,4.94,3.28,0,0,,2022
284,Anthony Brown,24,BAL,QB,2,1,0-1-0,22,49,44.9,302,0,0,2,4.1,13,31.5,47,6.2,4.33,13.7,151,48.2,,5,14,9.26,5.33,3.67,0,0,,2022
285,Malik Willis,23,TEN,QB,8,3,1/2/00,31,61,50.8,276,0,0,3,4.9,11,29.6,48,4.5,2.31,8.9,34.5,42.8,13.3,10,49,14.08,3.2,1.3,0,0,,2022
286,Taysom Hill,32,NOR,TE/QB,16,8,,13,19,68.4,240,2,10.5,0,0,11,57.1,68,12.6,14.74,18.5,15,146.3,79.7,2,14,9.52,10.76,12.67,0,0,,2022
287,Nick Foles,33,IND,QB,3,2,0-2-0,25,42,59.5,224,0,0,4,9.5,9,30,49,5.3,1.05,9,74.7,34.3,8,8,48,16,3.52,-0.08,0,0,,2022
288,Nick Mullens,27,MIN,QB,4,0,,21,25,84,224,1,4,1,4,11,76,37,9,7.96,10.7,56,100.7,58.3,0,0,0,8.96,7.96,0,0,,2022
289,Jordan Love,24,GNB,QB,4,0,,14,21,66.7,195,1,4.8,0,0,9,57.1,63,9.3,10.24,13.9,48.8,112.2,83.2,0,0,0,9.29,10.24,0,0,,2022
290,Trey Lance,22,SFO,QB,2,2,1/1/00,15,31,48.4,194,0,0,1,3.2,6,33.3,44,6.3,4.81,12.9,97,55,36.9,2,9,6.06,5.61,4.24,0,0,,2022
291,Trevor Siemian,31,CHI,QB,2,1,0-1-0,15,26,57.7,184,1,3.8,1,3.8,7,39.3,33,7.1,6.12,12.3,92,76.4,27.9,2,14,7.14,6.07,5.18,0,0,,2022
292,Sam Howell,22,WAS,QB,1,1,1-0-0,11,19,57.9,169,1,5.3,1,5.3,6,27.3,52,8.9,7.58,15.4,169,83,48.3,3,11,13.64,7.18,6.05,0,0,,2022
293,Davis Webb,27,NYG,QB,1,1,0-1-0,23,40,57.5,168,1,2.5,0,0,11,35,25,4.2,4.7,7.3,168,75.8,76.9,0,0,0,4.2,4.7,0,0,,2022
294,Bryce Perkins,26,LAR,QB,5,1,0-1-0,19,34,55.9,161,1,2.9,2,5.9,10,32.5,20,4.7,2.68,8.5,32.2,53.7,28.7,6,50,15,2.78,1.03,0,0,,2022
295,Nathan Peterman,28,CHI,QB,3,1,0-1-0,14,25,56,139,1,4,1,4,9,38.5,28,5.6,4.56,9.9,46.3,68.6,41.9,1,6,3.85,5.12,4.15,0,0,,2022
296,Jeff Driskel,29,HOU,QB,7,2,0-1-0,14,20,70,108,1,5,0,0,5,40.9,28,5.4,6.4,7.7,15.4,99.6,20.9,2,13,9.09,4.32,5.23,0,0,,2022
297,Chris Streveler,27,NYJ,QB,2,1,,10,15,66.7,90,0,0,0,0,5,53.3,30,6,6,9,45,82.6,73.9,0,0,0,6,6,0,0,,2022
298,Jacob Eason,25,CAR,QB,1,0,,3,5,60,59,0,0,1,20,2,60,49,11.8,2.8,19.7,59,61.7,0.9,0,0,0,11.8,2.8,0,0,,2022
299,Tyrod Taylor,33,NYG,QB,3,0,,6,8,75,58,1,12.5,1,12.5,3,45.5,19,7.3,4.13,9.7,19.3,94.8,11.6,3,18,27.27,3.64,1.36,0,0,,2022
300,Chase Daniel,36,LAC,QB,4,0,,8,12,66.7,52,1,8.3,0,0,4,46.2,13,4.3,6,6.5,13,103.5,59.9,1,1,7.69,3.92,5.46,0,0,,2022
301,Brian Hoyer,37,NWE,QB,1,1,0-1-0,5,6,83.3,37,0,0,0,0,2,42.9,27,6.2,6.17,7.4,37,92.4,28.4,1,8,14.29,4.14,4.14,0,0,,2022
302,C.J. Beathard,29,JAX,QB,4,0,,7,11,63.6,35,0,0,1,9.1,2,33.3,11,3.2,-0.91,5,8.8,30.5,22.9,1,5,8.33,2.5,-1.25,0,0,,2022
303,Justin Jefferson,23,MIN,WR,17,17,,2,2,100,34,0,0,0,0,2,100,23,17,17,17,2,118.7,95.2,0,0,0,17,17,0,0,"PB,AP-1,AP MVP-5,AP OPoY-1",2022
304,Christian McCaffrey,26,SFO,RB,11,10,,1,1,100,34,1,100,0,0,1,100,34,34,54,34,3.1,158.3,,0,0,0,34,54,0,0,"PB,AP OPoY-7,AP CPoY-2",2022
305,Tim Boyle,28,CHI,QB,1,0,,2,8,25,33,0,0,2,25,2,25,17,4.1,-7.13,16.5,33,4.7,1.2,0,0,0,4.13,-7.13,0,0,,2022
306,Blaine Gabbert,33,TAM,QB,1,0,,6,8,75,29,1,12.5,0,0,2,37.5,13,3.6,6.13,4.8,29,119.3,59.9,0,0,0,3.63,6.13,0,0,,2022
307,Tyler Boyd,28,CIN,WR,16,14,,1,1,100,23,0,0,0,0,1,50,23,23,23,23,1.4,118.7,14.3,1,12,50,5.5,5.5,0,0,,2022
308,Kyle Trask,24,TAM,QB,1,0,,3,9,33.3,23,0,0,0,0,1,22.2,9,2.6,2.56,7.7,23,42.4,1.7,0,0,0,2.56,2.56,0,0,,2022
309,Brandon Allen,30,CIN,QB,1,0,,3,3,100,22,0,0,0,0,1,25,13,7.3,7.33,7.3,22,97.2,46.5,1,0,25,5.5,5.5,0,0,,2022
310,Riley Dixon,29,LAR,P,17,0,,2,2,100,18,0,0,0,0,2,100,12,9,9,9,1.1,104.2,,0,0,0,9,9,0,0,,2022
311,Braden Mann,25,NYJ,P,17,0,,1,2,50,17,0,0,0,0,1,50,17,8.5,8.5,17,1,79.2,0,0,0,0,8.5,8.5,0,0,,2022
312,Ryan Wright,22,MIN,P,17,0,,1,2,50,13,0,0,0,0,1,50,13,6.5,6.5,13,0.8,70.8,,0,0,0,6.5,6.5,0,0,,2022
313,Josh Johnson,36,SFO,QB,2,0,,1,2,50,10,0,0,0,0,1,50,10,5,5,10,5,64.6,21.9,0,0,0,5,5,0,0,,2022
314,Case Keenum,34,BUF,QB,2,0,,2,7,28.6,8,0,0,0,0,0,,5,1.1,1.14,4,4,39.6,4.7,0,0,0,1.14,1.14,0,0,,2022
315,Jack Fox,26,DET,P,17,0,,1,1,100,6,0,0,0,0,1,100,6,6,6,6,0.4,91.7,,0,0,0,6,6,0,0,,2022
316,Najee Harris,24,PIT,RB,17,17,,1,1,100,4,0,0,0,0,0,100,4,4,4,4,0.2,83.3,10.8,0,0,0,4,4,0,0,,2022
317,Derrick Henry,28,TEN,RB,16,16,,2,2,100,4,1,50,0,0,1,50,3,2,12,2,0.3,118.7,45.2,0,0,0,2,12,0,0,"PB,AP MVP-9,AP OPoY-12,AP CPoY-9",2022
318,Mack Hollins,29,LVR,WR,17,16,,1,1,100,4,0,0,0,0,0,,4,4,4,4,0.2,83.3,23.6,0,0,0,4,4,0,0,,2022
319,Andy Lee,40,ARI,P,17,0,,1,1,100,4,0,0,0,0,1,100,4,4,4,4,0.2,83.3,,0,0,0,4,4,0,0,,2022
320,Braxton Berrios,27,NYJ,WR,17,2,,1,1,100,2,1,100,0,0,1,100,2,2,22,2,0.1,118.7,99.6,0,0,0,2,22,0,0,,2022
321,Chase Claypool,24,PIT,WR,8,8,,1,1,100,1,1,100,0,0,1,100,1,1,21,1,0.1,118.7,,0,0,0,1,21,0,0,,2022
322,Davante Adams,30,LVR,WR,17,17,,0,0,,0,0,,0,,0,,,,,,0,,0,1,10,100,-10,-10,0,0,"PB,AP-1",2022
323,Rex Burkhead,32,HOU,RB,16,0,,0,1,0,0,0,0,0,0,0,,,0,0,,0,39.6,3.2,0,0,0,0,0,0,0,,2022
324,Lawrence Cager,25,NYG,WR,6,3,,0,0,,0,0,,0,,0,,,,,,0,,,1,2,100,-2,-2,0,0,,2022
325,Ja'Marr Chase,22,CIN,WR,12,12,,0,0,,0,0,,0,,0,,,,,,0,,0,1,9,100,-9,-9,0,0,PB,2022
326,Dalvin Cook,27,MIN,RB,17,17,,0,0,,0,0,,0,,0,,,,,,0,,0,1,5,100,-5,-5,0,0,PB,2022
327,Amari Cooper,28,CLE,WR,17,17,,0,1,0,0,0,0,1,100,0,,,0,-45,,0,0,0,0,0,0,0,-45,0,0,,2022
328,DeeJay Dallas,24,SEA,RB,15,0,,0,1,0,0,0,0,1,100,0,,,0,-45,,0,0,0,0,0,0,0,-45,0,0,,2022
329,Phillip Dorsett,29,HOU,WR,15,4,,0,1,0,0,0,0,0,0,0,,,0,0,,0,39.6,2.7,0,0,0,0,0,0,0,,2022
330,Leonard Fournette,27,TAM,RB,16,9,,0,1,0,0,0,0,1,100,0,,,0,-45,,0,0,0,0,0,0,0,-45,0,0,,2022
331,Jamie Gillan,25,NYG,P,17,0,,0,0,,0,0,,0,,0,,,,,,0,,,1,11,100,-11,-11,0,0,,2022
332,Chad Henne,37,KAN,QB,3,0,,0,2,0,0,0,0,0,0,0,,,0,0,,0,39.6,3.8,0,0,0,0,0,0,0,,2022
333,Christian Kirk,26,JAX,WR,17,17,,0,1,0,0,0,0,0,0,0,,,0,0,,0,39.6,10.7,0,0,0,0,0,0,0,,2022
334,Cooper Kupp,29,LAR,WR,9,9,,0,1,0,0,0,0,0,0,0,,,0,0,,0,39.6,3.3,0,0,0,0,0,0,0,,2022
335,James Proche,26,BAL,WR,15,0,,0,1,0,0,0,0,1,100,0,,,0,-45,,0,0,0,0,0,0,0,-45,0,0,,2022
336,Nate Sudfeld,29,DET,QB,2,0,,0,0,,0,0,,0,,0,,,,,,0,,0.7,1,7,100,-7,-7,0,0,,2022
337,Tommy Townsend,26,KAN,P,17,0,,0,1,0,0,0,0,0,0,0,,,0,0,,0,39.6,,0,0,0,0,0,0,0,"PB,AP-1",2022
338,Cedrick Wilson Jr.,27,MIA,WR,15,0,,0,0,,0,0,,0,,0,,,,,,0,,0.2,1,6,100,-6,-6,0,0,,2022
339,Garrett Wilson,22,NYJ,WR,17,12,,0,1,0,0,0,0,0,0,0,,,0,0,,0,39.6,0.8,0,0,0,0,0,0,0,AP ORoY-1,2022
340,Justin Herbert,23,LAC,QB,17,17,9/8/00,443,672,65.9,5014,38,5.7,15,2.2,256,51.1,72,7.5,7.59,11.3,294.9,97.7,70.9,31,214,4.41,6.83,6.95,5,5,PB,2021
341,Matthew Stafford,33,LAR,QB,17,17,12/5/00,404,601,67.2,4886,41,6.8,17,2.8,233,52.6,79,8.1,8.22,12.1,287.4,102.9,69.2,30,243,4.75,7.36,7.45,3,4,,2021
342,Patrick Mahomes,26,KAN,QB,17,17,12/5/00,436,658,66.3,4839,37,5.6,13,2,260,53.2,75,7.4,7.59,11.1,284.6,98.5,67.7,28,146,4.08,6.84,7.07,3,3,PB,2021
343,Derek Carr,30,LVR,QB,17,17,10/7/00,428,626,68.4,4804,23,3.7,14,2.2,217,49.7,61,7.7,7.4,11.2,282.6,94,58.4,40,241,6.01,6.85,6.6,3,6,,2021
344,Joe Burrow,25,CIN,QB,16,16,10/6/00,366,520,70.4,4611,34,6.5,14,2.7,202,47.6,82,8.9,8.96,12.6,288.2,108.3,60.2,51,370,8.93,7.43,7.51,2,3,AP CPoY-1,2021
345,Dak Prescott,28,DAL,QB,16,16,11/5/00,410,596,68.8,4449,37,6.2,10,1.7,227,51.4,51,7.5,7.95,10.9,278.1,104.2,60.5,30,144,4.79,6.88,7.34,1,2,AP CPoY-2,2021
346,Josh Allen,25,BUF,QB,17,17,11/6/00,409,646,63.3,4407,36,5.6,15,2.3,234,49.4,61,6.8,6.89,10.8,259.2,92.2,66.3,26,164,3.87,6.31,6.38,0,0,,2021
347,Kirk Cousins,33,MIN,QB,16,16,8/8/00,372,561,66.3,4221,33,5.9,7,1.2,192,46.2,64,7.5,8.14,11.3,263.8,103.1,58.3,28,197,4.75,6.83,7.42,3,4,PB,2021
348,Aaron Rodgers,38,GNB,QB,16,16,13-3-0,366,531,68.9,4115,37,7,4,0.8,213,50.6,75,7.7,8.8,11.2,257.2,111.9,74.1,30,188,5.35,7,8,1,2,"PB,AP-1,AP MVP-1,AP OPoY-4",2021
349,Matt Ryan,36,ATL,QB,17,17,7/10/00,375,560,67,3968,20,3.6,12,2.1,195,46,64,7.1,6.84,10.6,233.4,90.4,52.2,40,274,6.67,6.16,5.92,3,4,,2021
350,Jimmy Garoppolo,30,SFO,QB,15,15,9/6/00,301,441,68.3,3810,20,4.5,12,2.7,172,50.4,83,8.6,8.32,12.7,254,98.7,59.2,29,201,6.17,7.68,7.38,3,3,,2021
351,Mac Jones,23,NWE,QB,17,17,10/7/00,352,521,67.6,3801,22,4.2,13,2.5,177,49,75,7.3,7.02,10.8,223.6,92.5,56.9,28,241,5.1,6.48,6.22,1,1,"PB,AP ORoY-2",2021
352,Kyler Murray,24,ARI,QB,14,14,9/5/00,333,481,69.2,3787,24,5,10,2.1,172,49.6,77,7.9,7.94,11.4,270.5,100.6,63.2,31,286,6.05,6.84,6.9,1,1,PB,2021
353,Ben Roethlisberger,39,PIT,QB,16,16,9/7/00,390,605,64.5,3740,22,3.6,10,1.7,188,42.6,59,6.2,6.17,9.6,233.8,86.8,41.3,38,239,5.91,5.44,5.43,6,7,,2021
354,Ryan Tannehill,33,TEN,QB,17,17,12/5/00,357,531,67.2,3734,21,4,14,2.6,192,46.2,57,7,6.64,10.5,219.6,89.6,61.8,47,327,8.13,5.89,5.53,3,4,,2021
355,Trevor Lawrence,22,JAX,QB,17,17,3/14/00,359,602,59.6,3641,12,2,17,2.8,177,44.6,58,6,5.18,10.1,214.2,71.9,39.1,32,238,5.05,5.37,4.54,1,2,,2021
356,Carson Wentz,29,IND,QB,17,17,9/8/00,322,516,62.4,3563,27,5.2,7,1.4,165,44,76,6.9,7.34,11.1,209.6,94.6,60.6,32,227,5.84,6.09,6.5,0,0,,2021
357,Taylor Heinicke,28,WAS,QB,16,15,7/8/00,321,494,65,3419,20,4,15,3,167,44.9,73,6.9,6.36,10.7,213.7,85.9,45.8,38,278,7.14,5.9,5.39,3,4,,2021
358,Jared Goff,27,DET,QB,14,14,3/10/01,332,494,67.2,3245,19,3.8,8,1.6,162,46.9,63,6.6,6.61,9.8,231.8,91.5,45.5,35,280,6.62,5.6,5.64,2,2,,2021
359,Jalen Hurts,23,PHI,QB,15,15,8/7/00,265,432,61.3,3144,16,3.7,9,2.1,143,43.9,91,7.3,7.08,11.9,209.6,87.2,54.6,26,150,5.68,6.54,6.35,2,2,,2021
360,Russell Wilson,33,SEA,QB,14,14,6/8/00,259,400,64.8,3113,25,6.3,6,1.5,135,44.6,69,7.8,8.36,12,222.4,103.1,60.6,33,266,7.62,6.58,7.11,0,1,PB,2021
361,Teddy Bridgewater,29,DEN,QB,14,14,7/7/00,285,426,66.9,3052,18,4.2,7,1.6,146,46,64,7.2,7.27,10.7,218,94.9,53.4,31,211,6.78,6.22,6.32,0,1,,2021
362,Baker Mayfield,26,CLE,QB,14,14,6/8/00,253,418,60.5,3010,17,4.1,13,3.1,143,44.3,71,7.2,6.61,11.9,215,83.1,40.9,43,269,9.33,5.95,5.41,0,0,,2021
363,Lamar Jackson,24,BAL,QB,12,12,7/5/00,246,382,64.4,2882,16,4.2,13,3.4,135,46.9,49,7.5,6.85,11.7,240.2,87,56.8,38,190,9.05,6.41,5.78,4,4,PB,2021
364,Davis Mills,23,HOU,QB,13,11,2/9/00,263,394,66.8,2664,16,4.1,10,2.5,118,44,67,6.8,6.43,10.1,204.9,88.8,41.2,31,206,7.29,5.78,5.48,0,0,,2021
365,Tua Tagovailoa,23,MIA,QB,13,12,7/5/00,263,388,67.8,2653,16,4.1,10,2.6,137,50.2,65,6.8,6.5,10.1,204.1,90.1,55.7,20,152,4.9,6.13,5.81,0,2,,2021
366,Sam Darnold,24,CAR,QB,12,11,4/7/00,243,406,59.9,2527,9,2.2,13,3.2,123,41,63,6.2,5.23,10.4,210.6,71.9,38.8,35,204,7.94,5.27,4.35,0,0,,2021
367,Daniel Jones,24,NYG,QB,11,11,4/7/00,232,361,64.3,2428,10,2.8,7,1.9,116,43.9,54,6.7,6.41,10.5,220.7,84.8,47.5,22,160,5.74,5.92,5.62,1,1,,2021
368,Zach Wilson,22,NYJ,QB,13,13,3/10/00,213,383,55.6,2334,9,2.3,11,2.9,112,37,54,6.1,5.27,11,179.5,69.7,33.4,44,370,10.3,4.6,3.86,1,1,,2021
369,Justin Fields,22,CHI,QB,12,10,2/8/00,159,270,58.9,1870,7,2.6,10,3.7,83,38.2,64,6.9,5.78,11.8,155.8,73.2,31.4,36,264,11.76,5.25,4.24,0,0,,2021
370,Andy Dalton,34,CHI,QB,8,6,3/3/00,149,236,63.1,1515,8,3.4,9,3.8,83,42.9,60,6.4,5.38,10.2,189.4,76.9,39.2,18,143,7.09,5.4,4.44,1,1,,2021
371,Jacoby Brissett,29,MIA,QB,11,5,2/3/00,141,225,62.7,1283,5,2.2,4,1.8,69,46.3,52,5.7,5.35,9.1,116.6,78.1,54.3,19,132,7.79,4.72,4.39,0,0,,2021
372,Jameis Winston,27,NOR,QB,7,7,5/2/00,95,161,59,1170,14,8.7,3,1.9,56,44.8,72,7.3,8.17,12.3,167.1,102.8,69.8,11,69,6.4,6.4,7.24,0,1,,2021
373,Trevor Siemian,30,NOR,QB,6,4,0-4-0,108,188,57.4,1154,11,5.9,3,1.6,61,41.1,46,6.1,6.59,10.7,192.3,88.4,41.3,9,64,4.57,5.53,5.96,1,1,,2021
374,Tyler Huntley,23,BAL,QB,7,4,1/3/00,122,188,64.9,1081,3,1.6,4,2.1,55,41.3,43,5.8,5.11,8.9,154.4,76.6,55,18,107,8.74,4.73,4.15,1,1,,2021
375,Taysom Hill,31,NOR,QB/WR,12,9,4/1/00,78,134,58.2,978,4,3,5,3.7,43,42,70,7.3,6.22,12.5,81.5,75.4,48.5,9,64,6.29,6.39,5.38,0,0,,2021
376,Tyrod Taylor,32,HOU,QB,6,6,2/4/00,91,150,60.7,966,5,3.3,5,3.3,44,44.8,52,6.4,5.61,10.6,161,76.7,46.4,13,119,7.98,5.2,4.43,0,0,,2021
377,Mike White,26,NYJ,QB,4,3,1/2/00,88,132,66.7,953,5,3.8,8,6.1,49,53.7,28,7.2,5.25,10.8,238.3,75.1,56.5,4,18,2.94,6.88,4.96,1,1,,2021
378,Mike Glennon,32,NYG,QB,6,4,0-4-0,90,167,53.9,790,4,2.4,10,6,43,33,60,4.7,2.51,8.8,131.7,49.7,14.7,9,68,5.11,4.1,2,0,0,,2021
379,Drew Lock,25,DEN,QB,6,3,0-3-0,67,111,60.4,787,2,1.8,2,1.8,32,36.7,44,7.1,6.64,11.7,131.2,80.4,28.1,9,52,7.5,6.13,5.71,0,0,,2021
380,Colt McCoy,35,ARI,QB,8,3,2/1/00,74,99,74.7,740,3,3,1,1,39,51.4,50,7.5,7.63,10,92.5,101.4,60.4,6,40,5.71,6.67,6.81,0,0,,2021
381,Geno Smith,31,SEA,QB,4,3,1/2/00,65,95,68.4,702,5,5.3,1,1.1,31,44.4,84,7.4,7.97,10.8,175.5,103,51.8,13,117,12.04,5.42,5.93,0,0,,2021
382,Cam Newton,32,CAR,QB,8,5,0-5-0,69,126,54.8,684,4,3.2,5,4,32,39,64,5.4,4.28,9.9,85.5,64.4,30.4,10,83,7.35,4.42,3.35,0,0,,2021
383,Josh Johnson,35,2TM,QB,4,1,0-1-0,57,85,67.1,638,5,5.9,2,2.4,39,55.7,28,7.5,7.62,11.2,159.5,99,,3,23,3.41,6.99,7.1,0,0,,2021
384,Josh Johnson,35,NYJ,QB,3,0,,29,45,64.4,334,3,6.7,1,2.2,20,48.9,26,7.4,7.76,11.5,111.3,99.7,,2,14,4.26,6.81,7.13,0,0,,2021
385,Josh Johnson,35,BAL,QB,1,1,0-1-0,28,40,70,304,2,5,1,2.5,19,63.4,28,7.6,7.48,10.9,304,98.3,,1,9,2.44,7.2,7.07,0,0,,2021
386,Trey Lance,21,SFO,QB,6,2,1/1/00,41,71,57.7,603,5,7,2,2.8,27,38.7,76,8.5,8.63,14.7,100.5,97.3,39,4,15,5.33,7.84,7.97,0,0,,2021
387,Tim Boyle,27,DET,QB,5,3,0-3-0,61,94,64.9,526,3,3.2,6,6.4,28,44.7,42,5.6,3.36,8.6,105.2,63.5,31.4,0,0,0,5.6,3.36,0,0,,2021
388,Case Keenum,33,CLE,QB,7,2,2-0-0,47,72,65.3,462,3,4.2,1,1.4,25,49.4,34,6.4,6.63,9.8,66,91.3,42.7,5,29,6.49,5.62,5.82,0,0,,2021
389,Gardner Minshew II,25,PHI,QB,4,2,1/1/00,41,60,68.3,439,4,6.7,1,1.7,24,46.2,36,7.3,7.9,10.7,109.8,104.8,66.2,5,31,7.69,6.28,6.82,0,0,,2021
390,Cooper Rush,28,DAL,QB,5,1,1-0-0,30,47,63.8,422,3,6.4,1,2.1,18,40,73,9,9.3,14.1,84.4,105.1,47.8,3,19,6,8.06,8.36,1,1,,2021
391,Jordan Love,23,GNB,QB,6,1,0-1-0,36,62,58.1,411,2,3.2,3,4.8,22,38.5,62,6.6,5.1,11.4,68.5,68.7,36.8,3,23,4.62,5.97,4.51,0,0,,2021
392,P.J. Walker,26,CAR,QB,5,1,1-0-0,36,66,54.5,362,1,1.5,3,4.5,19,35.6,24,5.5,3.74,10.1,72.4,56.5,23.4,7,47,9.59,4.32,2.74,0,0,,2021
393,Joe Flacco,36,NYJ,QB,2,1,0-1-0,27,42,64.3,338,3,7.1,0,0,14,56.8,62,8,9.48,12.5,169,113,49.5,2,13,4.55,7.39,8.75,0,0,,2021
394,Mason Rudolph,26,PIT,QB,2,1,0-0-1,35,58,60.3,277,1,1.7,1,1.7,16,41.4,36,4.8,4.34,7.9,138.5,70.8,45.4,0,0,0,4.78,4.34,1,0,,2021
395,Nick Foles,32,CHI,QB,1,1,1-0-0,24,35,68.6,250,1,2.9,0,0,14,46.2,30,7.1,7.71,10.4,250,98.5,51.6,4,21,10.26,5.87,6.38,1,1,,2021
396,Brian Hoyer,36,NWE,QB,5,0,,9,11,81.8,227,1,9.1,0,0,8,81.8,48,20.6,22.45,25.2,45.4,149.1,97.9,0,0,0,20.64,22.45,0,0,,2021
397,Jake Fromm,23,NYG,QB,3,2,0-2-0,27,60,45,210,1,1.7,3,5,10,27.3,36,3.5,1.58,7.8,70,38.9,18.8,6,33,9.09,2.68,0.94,0,0,,2021
398,Garrett Gilbert,30,WAS,QB,1,1,0-1-0,20,31,64.5,194,0,0,0,0,8,42.4,46,6.3,6.26,9.7,194,81.9,45.6,2,20,6.06,5.27,5.27,0,0,,2021
399,Sean Mannion,29,MIN,QB,1,1,0-1-0,22,36,61.1,189,1,2.8,0,0,8,31.6,30,5.3,5.81,8.6,189,84.1,39.1,2,15,5.26,4.58,5.11,0,0,,2021
400,Brandon Allen,29,CIN,QB,6,1,0-1-0,17,34,50,149,2,5.9,0,0,5,21.1,26,4.4,5.56,8.8,24.8,81.6,10.4,4,33,10.53,3.05,4.11,0,1,,2021
401,Nick Mullens,26,CLE,QB,1,1,0-1-0,20,30,66.7,147,1,3.3,0,0,9,40,25,4.9,5.57,7.4,147,89.2,81.5,0,0,0,4.9,5.57,0,0,,2021
402,Ian Book,23,NOR,QB,1,1,0-1-0,12,20,60,135,0,0,2,10,5,28.6,56,6.8,2.25,11.3,135,40.6,2.8,8,54,28.57,2.89,-0.32,0,0,,2021
403,Kyle Allen,25,WAS,QB,2,0,,12,19,63.2,120,1,5.3,0,0,6,42.9,19,6.3,7.37,10,60,98.6,29.3,2,5,9.52,5.48,6.43,0,0,,2021
404,Cedrick Wilson Jr.,26,DAL,WR,16,4,,3,3,100,88,0,0,0,0,3,100,35,29.3,29.33,29.3,5.5,118.7,99.9,0,0,0,29.33,29.33,0,0,,2021
405,Chad Henne,36,KAN,QB,4,0,,11,16,68.8,82,0,0,0,0,6,62.5,17,5.1,5.13,7.5,20.5,80.7,74.1,0,0,0,5.13,5.13,0,0,,2021
406,Tom Kennedy,25,DET,WR,12,0,,1,1,100,75,1,100,0,0,1,100,75,75,95,75,6.3,158.3,100,0,0,0,75,95,0,0,,2021
407,Blaine Gabbert,32,TAM,QB,6,0,,7,11,63.6,67,0,0,0,0,4,41.7,23,6.1,6.09,9.6,11.2,80.5,36.6,1,10,8.33,4.75,4.75,0,0,,2021
408,Tyler Boyd,27,CIN,WR,16,10,,1,1,100,46,0,0,0,0,1,100,46,46,46,46,2.9,118.7,99,0,0,0,46,46,0,0,,2021
409,Jakobi Meyers,25,NWE,WR,17,16,,2,2,100,45,0,0,0,0,1,50,30,22.5,22.5,22.5,2.6,118.7,78.1,0,0,0,22.5,22.5,0,0,,2021
410,Mitchell Trubisky,27,BUF,QB,6,0,,6,8,75,43,0,0,1,12.5,2,50,15,5.4,-0.25,7.2,7.2,47.4,77.7,0,0,0,5.38,-0.25,0,0,,2021
411,Jack Fox,25,DET,P,17,0,,2,3,66.7,38,0,0,0,0,2,66.7,21,12.7,12.67,19,2.2,109.7,,0,0,0,12.67,12.67,0,0,,2021
412,Chris Streveler,26,ARI,QB,2,0,,6,9,66.7,36,0,0,0,0,1,36.4,17,4,4,6,18,74.3,3,2,17,18.18,1.73,1.73,0,0,,2021
413,Justin Jefferson,22,MIN,WR,17,17,,2,4,50,35,0,0,0,0,2,50,24,8.8,8.75,17.5,2.1,80.2,48.7,0,0,0,8.75,8.75,0,0,"PB,AP-2",2021
414,C.J. Beathard,28,JAX,QB,2,0,,2,2,100,33,0,0,0,0,1,50,28,16.5,16.5,16.5,16.5,118.7,92.3,0,0,0,16.5,16.5,0,0,,2021
415,Christian Kirk,25,ARI,WR,17,11,,1,1,100,33,0,0,0,0,1,100,33,33,33,33,1.9,118.7,100,0,0,0,33,33,0,0,,2021
416,Kendrick Bourne,26,NWE,WR,17,5,,1,1,100,25,1,100,0,0,1,100,25,25,45,25,1.5,158.3,100,0,0,0,25,45,0,0,,2021
417,Jacob Eason,24,IND,QB,1,0,,2,5,40,25,0,0,1,20,2,40,10,5,-4,12.5,25,16.7,0.1,0,0,0,5,-4,0,0,,2021
418,Deebo Samuel,25,SFO,WR,16,15,,1,2,50,24,1,50,0,0,1,50,24,12,22,24,1.5,133.3,99,0,0,0,12,22,0,0,"PB,AP-1",2021
419,Chris Banjo,31,ARI,DB,16,0,,1,1,100,23,0,0,0,0,1,100,23,23,23,23,1.4,118.7,,0,0,0,23,23,0,0,,2021
420,Josh Rosen,24,ATL,QB,4,0,,2,11,18.2,19,0,0,2,18.2,1,18.2,14,1.7,-6.45,9.5,4.8,0,0.2,0,0,0,1.73,-6.45,0,0,,2021
421,Kadarius Toney,22,NYG,WR,10,4,,1,3,33.3,19,0,0,0,0,1,25,19,6.3,6.33,19,1.9,56.2,2.3,1,6,25,3.25,3.25,0,0,,2021
422,Dante Pettis,26,NYG,WR,3,0,,1,1,100,16,0,0,0,0,1,100,16,16,16,16,5.3,118.7,94,0,0,0,16,16,0,0,,2021
423,Courtland Sutton,26,DEN,WR,17,16,,1,1,100,16,0,0,0,0,1,100,16,16,16,16,0.9,118.7,100,0,0,0,16,16,0,0,,2021
424,Tommy Townsend,25,KAN,P,16,0,,1,1,100,16,0,0,0,0,1,100,16,16,16,16,1,118.7,,0,0,0,16,16,0,0,,2021
425,Ryan Fitzpatrick,39,WAS,QB,1,1,0-1-0,3,6,50,13,0,0,0,0,0,14.3,6,2.2,2.17,4.3,13,56.2,3,1,2,14.29,1.57,1.57,0,0,,2021
426,Matthias Farley,29,TEN,DB,17,0,,1,1,100,6,0,0,0,0,1,100,6,6,6,6,0.4,91.7,,0,0,0,6,6,0,0,,2021
427,Derrick Henry,27,TEN,RB,8,8,,1,1,100,5,1,100,0,0,1,100,5,5,25,5,0.6,127.1,80.6,0,0,0,5,25,0,0,,2021
428,Kellen Mond,22,MIN,QB,1,0,,2,3,66.7,5,0,0,0,0,0,33.3,6,1.7,1.67,2.5,5,70.1,18.2,0,0,0,1.67,1.67,0,0,,2021
429,John Wolford,26,LAR,QB,3,0,,1,4,25,5,0,0,1,25,0,,5,1.3,-10,5,1.7,0,0.1,1,8,20,-0.6,-9.6,0,0,,2021
430,Ezekiel Elliott,26,DAL,RB,17,17,,1,1,100,4,0,0,0,0,0,100,4,4,4,4,0.2,83.3,12.2,0,0,0,4,4,0,0,,2021
431,Marcus Mariota,28,LVR,QB,10,0,,1,2,50,4,0,0,0,0,0,50,4,2,2,4,0.4,56.2,46.2,0,0,0,2,2,0,0,,2021
432,Johnny Hekker,31,LAR,P,17,0,,1,1,100,2,0,0,0,0,0,,2,2,2,2,0.1,79.2,,0,0,0,2,2,0,0,,2021
433,Greg Ward,26,PHI,WR,17,0,,1,2,50,2,0,0,0,0,0,,2,1,1,2,0.1,56.2,0,0,0,0,1,1,0,0,,2021
434,Kendall Hinton,24,DEN,WR,16,1,,1,1,100,1,0,0,0,0,0,,1,1,1,1,0.1,79.2,100,0,0,0,1,1,0,0,,2021
435,Keenan Allen,29,LAC,WR,16,16,,0,1,0,0,0,0,0,0,0,,,0,0,,0,39.6,57.3,0,0,0,0,0,0,0,PB,2021
436,Danny Amendola,36,HOU,WR,8,0,,0,1,0,0,0,0,0,0,0,,,0,0,,0,39.6,4.1,0,0,0,0,0,0,0,,2021
437,Cole Beasley,32,BUF,WR,16,8,,0,1,0,0,0,0,0,0,0,,,0,0,,0,39.6,2.9,0,0,0,0,0,0,0,,2021
438,David Blough,26,DET,QB,1,0,,0,0,,0,0,,0,,0,,,,,,0,,0.1,1,6,100,-6,-6,0,0,,2021
439,Chris Boswell,30,PIT,K,17,0,,0,1,0,0,0,0,0,0,0,,,0,0,,0,39.6,,0,0,0,0,0,0,0,,2021
440,A.J. Brown,24,TEN,WR,13,13,,0,2,0,0,0,0,0,0,0,,,0,0,,0,39.6,3,0,0,0,0,0,0,0,,2021
441,Rex Burkhead,31,HOU,RB,16,5,,0,1,0,0,0,0,0,0,0,,,0,0,,0,39.6,3,0,0,0,0,0,0,0,,2021
442,Keelan Cole,28,NYJ,WR,15,11,,0,1,0,0,0,0,0,0,0,,,0,0,,0,39.6,4.4,0,0,0,0,0,0,0,,2021
443,Jamison Crowder,28,NYJ,WR,12,4,,0,0,,0,0,,0,,0,,,,,,0,,87.5,1,3,100,-3,-3,0,0,,2021
444,Stefon Diggs,28,BUF,WR,17,17,,0,0,,0,0,,0,,0,,,,,,0,,0.4,1,2,100,-2,-2,0,0,PB,2021
445,Riley Dixon,28,NYG,P,17,0,,0,1,0,0,0,0,0,0,0,,,0,0,,0,39.6,,0,0,0,0,0,0,0,,2021
446,Leonard Fournette,26,TAM,RB,14,13,,0,1,0,0,0,0,0,0,0,,,0,0,,0,39.6,33.3,0,0,0,0,0,0,0,,2021
447,Feleipe Franks,24,ATL,QB,9,0,,0,1,0,0,0,0,1,100,0,,,0,-45,,0,0,1,0,0,0,0,-45,0,0,,2021
448,Mike Gesicki,26,MIA,TE,17,9,,0,1,0,0,0,0,0,0,0,,,0,0,,0,39.6,5.3,0,0,0,0,0,0,0,,2021
449,Blake Gillikin,23,NOR,P,17,0,,0,1,0,0,0,0,0,0,0,,,0,0,,0,39.6,,0,0,0,0,0,0,0,,2021
450,Sam Koch,39,BAL,P,17,0,,0,1,0,0,0,0,0,0,0,,,0,0,,0,39.6,,0,0,0,0,0,0,0,,2021
451,Cooper Kupp,28,LAR,WR,17,17,,0,1,0,0,0,0,0,0,0,,,0,0,,0,39.6,12.9,0,0,0,0,0,0,0,"PB,AP-1,AP MVP-3,AP OPoY-1",2021
452,Jarvis Landry,29,CLE,WR,12,12,,0,0,,0,0,,0,,0,,,,,,0,,98.1,1,1,100,-1,-1,0,0,,2021
453,Ty Long,28,LAC,P,17,0,,0,1,0,0,0,0,0,0,0,,,0,0,,0,39.6,,0,0,0,0,0,0,0,,2021
454,David Montgomery,24,CHI,RB,13,13,,0,1,0,0,0,0,1,100,0,,,0,-45,,0,0,25.6,0,0,0,0,-45,0,0,,2021
455,Cordarrelle Patterson,30,ATL,RB,16,13,,0,1,0,0,0,0,0,0,0,,,0,0,,0,39.6,3.7,0,0,0,0,0,0,0,,2021
456,Brett Rypien,25,DEN,QB,1,0,,0,2,0,0,0,0,0,0,0,,,0,0,,0,39.6,1.4,0,0,0,0,0,0,0,,2021
457,D'Andre Swift,22,DET,RB,13,4,,0,1,0,0,0,0,0,0,0,,,0,0,,0,39.6,0.6,0,0,0,0,0,0,0,,2021
458,Albert Wilson,29,MIA,WR,14,5,,0,1,0,0,0,0,0,0,0,,,0,0,,0,39.6,0.1,1,1,50,-0.5,-0.5,0,0,,2021
459,Brandon Zylstra,28,CAR,WR,13,3,,0,1,0,0,0,0,0,0,0,,,0,0,,0,39.6,0.5,0,0,0,0,0,0,0,,2021
460,Patrick Mahomes,25,KAN,QB,15,15,14-1-0,390,588,66.3,4740,38,6.5,6,1,238,54.1,75,8.1,8.89,12.2,316,108.2,78.1,22,147,3.61,7.53,8.33,3,3,"PB,AP-2,AP MVP-3,AP OPoY-2",2020
461,Tom Brady,43,TAM,QB,16,16,11/5/00,401,610,65.7,4633,40,6.6,12,2,233,49.6,50,7.6,8.02,11.6,289.6,102.2,66,21,143,3.33,7.12,7.53,3,3,,2020
462,Matt Ryan,35,ATL,QB,16,16,4/12/00,407,626,65,4581,26,4.2,11,1.8,242,47.8,63,7.3,7.36,11.3,286.3,93.3,59.8,41,257,6.15,6.48,6.52,0,0,,2020
463,Josh Allen,24,BUF,QB,16,16,13-3-0,396,572,69.2,4544,37,6.5,10,1.7,228,56.5,55,7.9,8.45,11.5,284,107.2,76.6,26,159,4.35,7.33,7.82,2,3,"PB,AP-2,AP MVP-2,AP OPoY-4",2020
464,Justin Herbert,22,LAC,QB,15,15,6/9/00,396,595,66.6,4336,31,5.2,10,1.7,216,47.8,72,7.3,7.57,10.9,289.1,98.3,62.6,32,218,5.1,6.57,6.84,1,3,AP ORoY-1,2020
465,Aaron Rodgers,37,GNB,QB,16,16,13-3-0,372,526,70.7,4299,48,9.1,5,1,216,55.3,78,8.2,9.57,11.6,268.7,121.5,79.8,20,182,3.66,7.54,8.89,1,2,"PB,AP-1,AP MVP-1,AP OPoY-2",2020
466,Kirk Cousins,32,MIN,QB,16,16,7/9/00,349,516,67.6,4265,35,6.8,13,2.5,212,51.2,71,8.3,8.49,12.2,266.6,105,55.8,39,256,7.03,7.22,7.43,1,3,,2020
467,Russell Wilson,32,SEA,QB,16,16,12/4/00,384,558,68.8,4212,40,7.2,13,2.3,213,51.4,62,7.5,7.93,11,263.3,105.1,67.1,47,301,7.77,6.46,6.82,3,3,PB,2020
468,Philip Rivers,39,IND,QB,16,16,11/5/00,369,543,68,4169,24,4.4,11,2,200,51.1,55,7.7,7.65,11.3,260.6,97,55,19,118,3.38,7.21,7.18,2,3,,2020
469,Derek Carr,29,LVR,QB,16,16,8/8/00,348,517,67.3,4103,27,5.2,9,1.7,192,50.6,85,7.9,8.2,11.8,256.4,101.4,64.3,26,150,4.79,7.28,7.53,3,5,,2020
470,Matthew Stafford,32,DET,QB,16,16,5/11/00,339,528,64.2,4084,26,4.9,10,1.9,205,47.9,73,7.7,7.87,12,255.3,96.3,61.3,38,254,6.71,6.77,6.89,3,4,,2020
471,Kyler Murray,23,ARI,QB,16,16,8/8/00,375,558,67.2,3971,26,4.7,12,2.2,205,48.9,80,7.1,7.08,10.6,248.2,94.3,61.9,27,176,4.62,6.49,6.45,3,4,PB,2020
472,Jared Goff,26,LAR,QB,15,15,9/6/00,370,552,67,3952,20,3.6,13,2.4,194,51.8,56,7.2,6.82,10.7,263.5,90,50.8,23,161,4,6.59,6.27,0,1,,2020
473,Ryan Tannehill,32,TEN,QB,16,16,11/5/00,315,481,65.5,3819,33,6.9,7,1.5,202,52.1,75,7.9,8.66,12.1,238.7,106.5,72.6,24,173,4.75,7.22,7.9,5,6,,2020
474,Ben Roethlisberger,38,PIT,QB,15,15,12/3/00,399,608,65.6,3803,33,5.4,10,1.6,193,48.6,84,6.3,6.6,9.5,253.5,94.1,52.5,13,118,2.09,5.93,6.27,4,4,AP CPoY-2,2020
475,Teddy Bridgewater,28,CAR,QB,15,15,4/11/00,340,492,69.1,3733,15,3,11,2.2,174,46.1,75,7.6,7.19,11,248.9,92.1,56.8,31,205,5.93,6.75,6.37,0,0,,2020
476,Baker Mayfield,25,CLE,QB,16,16,11/5/00,305,486,62.8,3563,26,5.3,8,1.6,188,49.4,75,7.3,7.66,11.7,222.7,95.9,65.5,26,162,5.08,6.64,6.96,2,2,,2020
477,Daniel Jones,23,NYG,QB,14,14,5/9/00,280,448,62.5,2943,11,2.5,10,2.2,157,42.8,53,6.6,6.06,10.5,210.2,80.4,54,45,286,9.13,5.39,4.92,0,0,,2020
478,Drew Brees,41,NOR,QB,12,12,9/3/00,275,390,70.5,2942,24,6.2,6,1.5,149,52.6,52,7.5,8.08,10.7,245.2,106.4,68.3,13,89,3.23,7.08,7.6,1,3,,2020
479,Drew Lock,24,DEN,QB,13,13,4/9/00,254,443,57.3,2933,16,3.6,15,3.4,145,41.1,92,6.6,5.82,11.5,225.6,75.4,41.2,19,123,4.11,6.08,5.31,1,1,,2020
480,Lamar Jackson,23,BAL,QB,15,15,11/4/00,242,376,64.4,2757,26,6.9,9,2.4,138,46.2,47,7.3,7.64,11.4,183.8,99.3,67.3,29,160,7.16,6.41,6.7,1,1,,2020
481,Joe Burrow,24,CIN,QB,10,10,2/7/01,264,404,65.3,2688,13,3.2,5,1.2,150,47.2,67,6.7,6.74,10.2,268.8,89.8,48.5,32,231,7.34,5.64,5.72,0,0,,2020
482,Cam Newton,31,NWE,QB,15,15,7/8/00,242,368,65.8,2657,8,2.2,10,2.7,133,45.9,50,7.2,6.43,11,177.1,82.9,39.4,31,195,7.77,6.17,5.44,1,3,,2020
483,Carson Wentz,28,PHI,QB,12,12,3/8/01,251,437,57.4,2620,16,3.7,15,3.4,130,40,59,6,5.18,10.4,218.3,72.8,41.9,50,326,10.27,4.71,3.98,3,2,,2020
484,Nick Mullens,25,SFO,QB,10,8,2/6/00,211,326,64.7,2437,12,3.7,12,3.7,120,47.5,49,7.5,6.56,11.5,243.7,84.1,36.3,19,139,5.51,6.66,5.79,1,1,,2020
485,Gardner Minshew II,24,JAX,QB,9,8,1/7/00,216,327,66.1,2259,16,4.9,5,1.5,117,48,51,6.9,7.2,10.5,251,95.9,44,27,147,7.63,5.97,6.23,1,1,,2020
486,Sam Darnold,23,NYJ,QB,12,12,2/10/00,217,364,59.6,2208,9,2.5,11,3,109,38.3,69,6.1,5.2,10.2,184,72.7,32.9,35,234,8.77,4.95,4.16,0,0,,2020
487,Andy Dalton,33,DAL,QB,11,9,4/5/00,216,333,64.9,2170,14,4.2,8,2.4,116,48.2,69,6.5,6.28,10,197.3,87.3,46.1,24,184,6.72,5.56,5.34,2,3,,2020
488,Ryan Fitzpatrick,38,MIA,QB,9,7,4/3/00,183,267,68.5,2091,13,4.9,8,3,106,54.4,70,7.8,7.46,11.4,232.3,95.6,70.9,14,65,4.98,7.21,6.85,1,1,,2020
489,Mitchell Trubisky,26,CHI,QB,10,9,6/3/00,199,297,67,2055,16,5.4,8,2.7,124,53.7,53,6.9,6.78,10.3,205.5,93.5,53.8,18,125,5.71,6.13,6,1,1,,2020
490,Dak Prescott,27,DAL,QB,5,5,2/3/00,151,222,68,1856,9,4.1,4,1.8,93,56,58,8.4,8.36,12.3,371.2,99.6,73.1,10,66,4.31,7.72,7.72,1,1,,2020
491,Nick Foles,31,CHI,QB,9,7,2/5/00,202,312,64.7,1852,10,3.2,8,2.6,93,43.9,50,5.9,5.42,9.2,205.8,80.8,36,18,145,5.45,5.17,4.69,2,2,,2020
492,Tua Tagovailoa,22,MIA,QB,10,9,6/3/00,186,290,64.1,1814,11,3.8,5,1.7,100,47.7,35,6.3,6.24,9.8,181.4,87.1,44.8,20,136,6.45,5.41,5.4,2,2,,2020
493,Alex Smith,36,WAS,QB,8,6,5/1/00,168,252,66.7,1582,6,2.4,8,3.2,73,43.4,68,6.3,5.33,9.4,197.8,78.5,28.2,22,139,8.03,5.27,4.39,1,1,AP CPoY-1,2020
494,Dwayne Haskins,23,WAS,QB,7,6,1/5/00,148,241,61.4,1439,5,2.1,7,2.9,73,37.9,50,6,5.08,9.7,205.6,73,24.8,20,141,7.66,4.97,4.15,1,1,,2020
495,Jimmy Garoppolo,29,SFO,QB,6,6,3/3/00,94,140,67.1,1096,7,5,5,3.6,55,49,76,7.8,7.22,11.7,182.7,92.4,54,11,77,7.28,6.75,6.19,0,0,,2020
496,Mike Glennon,31,JAX,QB,5,5,0-5-0,111,179,62,1072,7,3.9,5,2.8,57,43.1,46,6,5.51,9.7,214.4,80.1,29.8,9,53,4.79,5.42,4.97,0,0,,2020
497,Jalen Hurts,22,PHI,QB,15,4,1/3/00,77,148,52,1061,6,4.1,4,2.7,45,38.5,81,7.2,6.76,13.8,70.7,77.6,33.8,13,59,8.07,6.22,5.85,0,0,,2020
498,Taysom Hill,30,NOR,QB/WR,16,8,3/1/00,88,121,72.7,928,4,3.3,2,1.7,45,45.2,44,7.7,7.59,10.5,58,98.8,51.1,14,87,10.37,6.23,6.16,0,0,,2020
499,Brandon Allen,28,CIN,QB,5,5,1/4/00,90,142,63.4,925,5,3.5,4,2.8,42,45.6,72,6.5,5.95,10.3,185,82,37.5,7,51,4.7,5.87,5.33,1,1,,2020
500,Joe Flacco,35,NYJ,QB,5,4,0-4-0,74,134,55.2,864,6,4.5,3,2.2,36,41.8,52,6.4,6.34,11.7,172.8,80.6,50.3,7,69,4.96,5.64,5.53,0,0,,2020
501,C.J. Beathard,27,SFO,QB,6,2,1/1/00,66,104,63.5,787,6,5.8,0,0,42,46.9,49,7.6,8.72,11.9,131.2,105.7,46,9,71,7.96,6.34,7.4,0,0,,2020
502,Jake Luton,24,JAX,QB,3,3,0-3-0,60,110,54.5,624,2,1.8,6,5.5,31,41,73,5.7,3.58,10.4,208,54.5,32.8,7,52,5.98,4.89,2.92,0,0,,2020
503,Kyle Allen,24,WAS,QB,4,4,1/3/00,60,87,69,610,4,4.6,1,1.1,30,46.8,52,7,7.41,10.2,152.5,99.3,68.2,7,44,7.45,6.02,6.39,0,0,,2020
504,Jeff Driskel,27,DEN,QB,3,1,0-1-0,35,64,54.7,432,3,4.7,2,3.1,18,33.3,45,6.8,6.28,12.3,144,78.4,36.1,11,98,14.67,4.45,4.05,0,0,,2020
505,Colt McCoy,34,NYG,QB,4,2,1/1/00,40,66,60.6,375,1,1.5,1,1.5,19,36.6,35,5.7,5.3,9.4,93.8,75,29.7,5,24,7.04,4.94,4.59,0,0,,2020
506,P.J. Walker,25,CAR,QB,4,1,1-0-0,32,56,57.1,368,1,1.8,5,8.9,17,36.7,52,6.6,2.91,11.5,92,45.8,9.6,4,31,6.67,5.62,2.2,0,0,,2020
507,Mason Rudolph,25,PIT,QB,5,1,0-1-0,25,43,58.1,324,2,4.7,1,2.3,13,36.4,47,7.5,7.42,13,64.8,87.7,72.7,1,8,2.27,7.18,7.07,0,0,,2020
508,Brett Rypien,24,DEN,QB,3,1,1-0-0,27,40,67.5,295,2,5,4,10,12,48.8,48,7.4,3.88,10.9,98.3,66.1,50.3,1,0,2.44,7.2,3.78,1,1,,2020
509,Chase Daniel,34,DET,QB,4,0,,29,43,67.4,264,1,2.3,2,4.7,14,45.7,28,6.1,4.51,9.1,66,72.2,15.9,3,29,6.52,5.11,3.59,0,0,,2020
510,Jarrett Stidham,24,NWE,QB,5,0,,22,44,50,256,2,4.5,3,6.8,12,33.3,38,5.8,3.66,11.6,51.2,54.7,12.2,4,21,8.33,4.9,2.92,0,0,,2020
511,Chad Henne,35,KAN,QB,3,1,0-1-0,28,38,73.7,248,2,5.3,0,0,15,50,37,6.5,7.58,8.9,82.7,108.2,26.3,2,4,5,6.1,7.1,0,0,,2020
512,Garrett Gilbert,29,DAL,QB,1,1,0-1-0,21,38,55.3,243,1,2.6,1,2.6,10,42.5,32,6.4,5.74,11.6,243,72.6,56.8,2,23,5,5.5,4.88,0,0,,2020
513,John Wolford,25,LAR,QB,1,1,1-0-0,22,38,57.9,231,0,0,1,2.6,12,35,38,6.1,4.89,10.5,231,64.7,68.5,2,8,5,5.58,4.45,0,0,,2020
514,Marcus Mariota,27,LVR,QB,1,0,,17,28,60.7,226,1,3.6,1,3.6,11,46.4,35,8.1,7.18,13.3,226,83.3,97.4,0,0,0,8.07,7.18,0,0,,2020
515,Ben DiNucci,24,DAL,QB,3,1,0-1-0,23,43,53.5,219,0,0,0,0,11,34,32,5.1,5.09,9.5,73,67.9,10.2,7,73,14,2.92,2.92,0,0,,2020
516,Tyrod Taylor,31,LAC,QB,2,1,1-0-0,16,30,53.3,208,0,0,0,0,10,37.5,37,6.9,6.93,13,104,75.4,16.6,2,1,6.25,6.47,6.47,1,1,,2020
517,Matt Barkley,30,BUF,QB,5,0,,11,21,52.4,197,1,4.8,1,4.8,9,40.9,56,9.4,8.19,17.9,39.4,80.9,27.4,1,7,4.55,8.64,7.5,0,0,,2020
518,Ryan Finley,26,CIN,QB,5,1,1-0-0,17,32,53.1,164,1,3.1,2,6.3,8,24.4,30,5.1,2.94,9.6,32.8,52.1,41.4,9,63,21.95,2.46,0.76,0,0,,2020
519,Blaine Gabbert,31,TAM,QB,4,0,,9,16,56.3,143,2,12.5,0,0,5,41.2,35,8.9,11.44,15.9,35.8,125.8,53.1,1,7,5.88,8,10.35,0,0,,2020
520,Taylor Heinicke,27,WAS,QB,1,0,,12,19,63.2,137,1,5.3,0,0,6,55,29,7.2,8.26,11.4,137,102.3,40.7,1,7,5,6.5,7.5,0,0,,2020
521,Brian Hoyer,35,NWE,QB,1,1,0-1-0,15,24,62.5,130,0,0,1,4.2,8,42.3,25,5.4,3.54,8.7,130,59.4,22.4,2,18,7.69,4.31,2.58,0,0,,2020
522,Chris Streveler,25,ARI,QB,5,0,,11,16,68.8,105,1,6.3,1,6.3,5,33.3,19,6.6,5,9.5,21,81.5,29.6,2,10,11.11,5.28,3.89,0,0,,2020
523,Trace McSorley,25,BAL,QB,2,0,,3,10,30,90,1,10,0,0,2,20,70,9,11,30,45,97.9,28.9,0,0,0,9,11,0,0,,2020
524,Jameis Winston,26,NOR,QB,4,0,,7,11,63.6,75,0,0,0,0,5,38.5,19,6.8,6.82,10.7,18.8,83.5,12,2,11,15.38,4.92,4.92,0,0,,2020
525,Jarvis Landry,28,CLE,WR,15,14,,4,4,100,74,1,25,0,0,4,100,37,18.5,23.5,18.5,4.9,158.3,100,0,0,0,18.5,23.5,0,0,,2020
526,David Blough,25,DET,QB,1,0,,6,10,60,49,0,0,1,10,1,27.3,20,4.9,0.4,8.2,49,32.9,11.2,1,10,9.09,3.55,-0.55,0,0,,2020
527,Case Keenum,32,CLE,QB,2,0,,5,10,50,46,0,0,0,0,2,40,24,4.6,4.6,9.2,23,62.9,34.7,0,0,0,4.6,4.6,0,0,,2020
528,Jamison Crowder,27,NYJ,WR,12,7,,1,1,100,43,1,100,0,0,1,100,43,43,63,43,3.6,158.3,100,0,0,0,43,63,0,0,,2020
529,Jakobi Meyers,24,NWE,WR,14,9,,2,2,100,43,2,100,0,0,2,100,24,21.5,41.5,21.5,3.1,158.3,100,0,0,0,21.5,41.5,0,0,,2020
530,Robert Griffin III,30,BAL,QB,4,1,0-1-0,8,14,57.1,42,0,0,2,14.3,1,23.5,9,3,-3.43,5.3,10.5,22.6,20.2,3,20,17.65,1.29,-4,0,0,,2020
531,Russell Gage,24,ATL,WR,16,8,,1,2,50,39,1,50,0,0,1,50,39,19.5,29.5,39,2.4,135.4,100,0,0,0,19.5,29.5,0,0,,2020
532,Julian Edelman,34,NWE,WR,6,1,,2,2,100,38,0,0,0,0,2,100,22,19,19,19,6.3,118.7,98,0,0,0,19,19,0,0,,2020
533,Geno Smith,30,SEA,QB,1,0,,4,5,80,33,0,0,0,0,3,50,14,6.6,6.6,8.3,33,94.2,3.9,1,3,16.67,5,5,0,0,,2020
534,Lynn Bowden Jr.,23,MIA,WR,10,4,,1,2,50,32,0,0,0,0,1,50,32,16,16,32,3.2,95.8,32.9,0,0,0,16,16,0,0,,2020
535,Nate Sudfeld,27,PHI,QB,1,0,,5,12,41.7,32,0,0,1,8.3,1,21.4,10,2.7,-1.08,6.4,32,14.6,1.6,2,16,14.29,1.14,-2.07,0,0,,2020
536,Zay Jones,25,LVR,WR,16,2,,1,1,100,29,0,0,0,0,1,100,29,29,29,29,1.8,118.7,100,0,0,0,29,29,0,0,,2020
537,Joseph Charlton,23,CAR,P,16,0,,1,1,100,28,0,0,0,0,1,,28,28,28,28,1.8,118.7,99.9,1,5,50,11.5,11.5,0,0,,2020
538,Logan Thomas,29,WAS,TE,16,15,,1,1,100,28,0,0,0,0,1,100,28,28,28,28,1.8,118.7,40.1,0,0,0,28,28,0,0,,2020
539,Andy Lee,38,ARI,P,16,0,,1,1,100,26,0,0,0,0,1,,26,26,26,26,1.6,118.7,,0,0,0,26,26,0,0,,2020
540,Nathan Peterman,26,LVR,QB,1,0,,3,5,60,25,0,0,0,0,1,28.6,12,5,5,8.3,25,72.9,24.3,2,16,28.57,1.29,1.29,0,0,,2020
541,Cedrick Wilson Jr.,25,DAL,WR,16,0,,2,2,100,23,1,50,0,0,1,50,12,11.5,21.5,11.5,1.4,154.2,99.3,0,0,0,11.5,21.5,0,0,,2020
542,Cole Beasley,31,BUF,WR,15,10,,1,1,100,20,1,100,0,0,1,100,20,20,40,20,1.3,158.3,100,0,0,0,20,40,0,0,AP-2,2020
543,A.J. McCarron,30,HOU,QB,2,0,,1,1,100,20,0,0,0,0,1,,20,20,20,20,10,118.7,0,1,12,50,4,4,0,0,,2020
544,Odell Beckham Jr.,28,CLE,WR,7,7,,1,1,100,18,0,0,0,0,1,100,18,18,18,18,2.6,118.7,98.9,0,0,0,18,18,0,0,,2020
545,Tyler Bray,29,CHI,QB,1,0,,1,5,20,18,0,0,0,0,1,20,18,3.6,3.6,18,18,42.1,7.5,0,0,0,3.6,3.6,0,0,,2020
546,Golden Tate,32,NYG,WR,12,4,,1,2,50,18,0,0,0,0,1,50,18,9,9,18,1.5,81.2,4.8,0,0,0,9,9,0,0,,2020
547,Jacoby Brissett,28,IND,QB,11,0,,2,8,25,17,0,0,0,0,1,10,13,2.1,2.13,8.5,1.5,39.6,58.3,2,15,20,0.2,0.2,0,0,,2020
548,Tyler Boyd,26,CIN,WR,15,8,,1,2,50,16,0,0,0,0,1,50,16,8,8,16,1.1,77.1,48,0,0,0,8,8,0,0,,2020
549,Tyler Huntley,22,BAL,QB,2,0,,3,5,60,15,0,0,0,0,0,20,8,3,3,5,7.5,64.6,1.4,0,0,0,3,3,0,0,,2020
550,Sam Koch,38,BAL,P,15,0,,1,1,100,15,0,0,0,0,1,,15,15,15,15,1,118.7,,0,0,0,15,15,0,0,,2020
551,Greg Ward,25,PHI,WR,16,10,,1,1,100,15,0,0,0,0,1,100,15,15,15,15,0.9,118.7,0.7,0,0,0,15,15,0,0,,2020
552,Kendall Hinton,23,DEN,WR,1,0,,1,9,11.1,13,0,0,2,22.2,1,10,13,1.4,-8.56,13,13,0,0.1,1,1,10,1.2,-7.8,0,0,,2020
553,Jaquan Johnson,25,BUF,DB,14,0,,1,1,100,13,0,0,0,0,1,,13,13,13,13,0.9,118.7,,0,0,0,13,13,0,0,,2020
554,Tommy Townsend,24,KAN,P,16,0,,1,1,100,13,0,0,0,0,1,,13,13,13,13,0.8,118.7,10.6,0,0,0,13,13,0,0,,2020
555,Isaiah McKenzie,25,BUF,WR,16,7,,1,1,100,12,1,100,0,0,1,100,12,12,32,12,0.8,156.2,88.2,0,0,0,12,32,0,0,,2020
556,Logan Woodside,25,TEN,QB,6,0,,1,3,33.3,7,0,0,0,0,1,,7,2.3,2.33,7,1.2,42.4,65.1,0,0,0,2.33,2.33,0,0,,2020
557,Travis Kelce,31,KAN,TE,15,15,,1,2,50,4,0,0,0,0,1,50,4,2,2,4,0.3,56.2,55.2,0,0,0,2,2,0,0,"PB,AP-1,AP OPoY-4",2020
558,Easton Stick,25,LAC,QB,1,0,,1,1,100,4,0,0,0,0,0,100,4,4,4,4,4,83.3,1.3,0,0,0,4,4,0,0,,2020
559,Joshua Dobbs,25,PIT,QB,1,0,,4,5,80,2,0,0,0,0,0,,3,0.4,0.4,0.5,2,79.2,48.7,0,0,0,0.4,0.4,0,0,,2020
560,Jamal Agnew,25,DET,WR,14,2,,0,1,0,0,0,0,0,0,0,,,0,0,,0,39.6,0.9,0,0,0,0,0,0,0,,2020
561,Keenan Allen,28,LAC,WR,14,13,,0,1,0,0,0,0,0,0,0,,,0,0,,0,39.6,1.4,0,0,0,0,0,0,0,PB,2020
562,Tim Boyle,26,GNB,QB,8,0,,0,0,,0,0,,0,,0,,,,,,0,,0,1,11,100,-11,-11,0,0,,2020
563,Randall Cobb,30,HOU,WR,10,2,,0,1,0,0,0,0,0,0,0,,,0,0,,0,39.6,2.8,0,0,0,0,0,0,0,,2020
564,Riley Dixon,27,NYG,P,16,0,,0,1,0,0,0,0,0,0,0,,,0,0,,0,39.6,,0,0,0,0,0,0,0,,2020
565,Alex Erickson,28,CIN,WR,16,2,,0,1,0,0,0,0,0,0,0,,,0,0,,0,39.6,8.4,0,0,0,0,0,0,0,,2020
566,Adam Humphries,27,TEN,WR,7,1,,0,0,,0,0,,0,,0,,,,,,0,,,1,0,100,0,0,0,0,,2020
567,Chris Jones,31,DAL,P,8,0,,0,1,0,0,0,0,0,0,0,,,0,0,,0,39.6,,0,0,0,0,0,0,0,,2020
568,Brett Kern,34,TEN,P,13,0,,0,1,0,0,0,0,0,0,0,,,0,0,,0,39.6,0,0,0,0,0,0,0,0,,2020
569,CeeDee Lamb,21,DAL,WR,16,14,,0,0,,0,0,,0,,0,,,,,,0,,0,1,4,100,-4,-4,0,0,,2020
570,D.J. Moore,23,CAR,WR,15,14,,0,1,0,0,0,0,0,0,0,,,0,0,,0,39.6,,0,0,0,0,0,0,0,,2020
571,Zach Pascal,26,IND,WR,16,14,,0,1,0,0,0,0,0,0,0,,,0,0,,0,39.6,1.8,0,0,0,0,0,0,0,,2020
572,James Robinson,22,JAX,RB,14,14,,0,0,,0,0,,0,,0,,,,,,0,,0,1,4,100,-4,-4,0,0,,2020
573,Jeff Smith,23,NYJ,WR,12,4,,0,0,,0,0,,0,,0,,,,,,0,,0,1,16,100,-16,-16,0,0,,2020
574,Sammy Watkins,27,KAN,WR,10,9,,0,1,0,0,0,0,1,100,0,,,0,-45,,0,0,0,0,0,0,0,-45,0,0,,2020
575,Isaiah Wright,23,WAS,WR,14,6,,0,1,0,0,0,0,0,0,0,,,0,0,,0,39.6,2.8,0,0,0,0,0,0,0,,2020
576,Dak Prescott,26,DAL,QB,16,16,8/8/00,388,596,65.1,4902,30,5,11,1.8,229,52.3,62,8.2,8.4,12.6,306.4,99.7,71.9,23,151,3.72,7.68,7.84,0,0,,2019
577,Jared Goff,25,LAR,QB,16,16,9/7/00,394,626,62.9,4638,22,3.5,16,2.6,220,47.7,66,7.4,6.96,11.8,289.9,86.5,50.6,22,170,3.4,6.9,6.46,1,2,,2019
578,Philip Rivers,38,LAC,QB,16,16,5/11/00,390,591,66,4615,23,3.9,20,3.4,217,49.6,84,7.8,7.06,11.8,288.4,88.5,50.5,34,222,5.44,7.03,6.32,1,2,,2019
579,Matt Ryan,34,ATL,QB,15,15,7/8/00,408,616,66.2,4466,26,4.2,14,2.3,228,46.5,93,7.3,7.07,10.9,297.7,92.1,59.6,48,316,7.23,6.25,6.08,3,2,,2019
580,Russell Wilson,31,SEA,QB,16,16,11/5/00,341,516,66.1,4110,31,6,5,1,190,49.6,60,8,8.73,12.1,256.9,106.3,71.5,48,319,8.51,6.72,7.42,4,5,"PB,AP-2,AP OPoY-4",2019
581,Tom Brady,42,NWE,QB,16,16,12/4/00,373,613,60.8,4057,24,3.9,8,1.3,193,44.1,59,6.6,6.81,10.9,253.6,88,55.7,27,185,4.22,6.05,6.24,1,1,,2019
582,Derek Carr,28,OAK,QB,16,16,7/9/00,361,513,70.4,4054,21,4.1,8,1.6,191,50.7,75,7.9,8.02,11.2,253.4,100.8,64.1,29,184,5.35,7.14,7.25,2,3,,2019
583,Carson Wentz,27,PHI,QB,16,16,9/7/00,388,607,63.9,4039,27,4.4,7,1.2,213,48.4,53,6.7,7.02,10.4,252.4,93.1,62.8,37,230,5.75,5.91,6.26,2,4,AP CPoY-5,2019
584,Patrick Mahomes,24,KAN,QB,14,14,11/3/00,319,484,65.9,4031,26,5.4,5,1,176,50.9,83,8.3,8.94,12.6,287.9,105.3,77.7,17,127,3.39,7.79,8.38,1,1,"PB,AP OPoY-4",2019
585,Aaron Rodgers,36,GNB,QB,16,16,13-3-0,353,569,62,4002,26,4.6,4,0.7,189,44,74,7,7.63,11.3,250.1,95.4,52.5,36,284,5.95,6.15,6.71,2,3,PB,2019
586,Jimmy Garoppolo,28,SFO,QB,16,16,13-3-0,329,476,69.1,3978,27,5.7,13,2.7,193,48.6,75,8.4,8.26,12.1,248.6,102,60.8,36,237,7.03,7.31,7.22,4,4,AP CPoY-2,2019
587,Deshaun Watson,24,HOU,QB,15,15,10/5/00,333,495,67.3,3852,26,5.3,12,2.4,191,49.4,54,7.8,7.74,11.6,256.8,98,70.5,44,257,8.16,6.67,6.63,3,5,PB,2019
588,Baker Mayfield,24,CLE,QB,16,16,6/10/00,317,534,59.4,3827,22,4.1,21,3.9,179,42.5,89,7.2,6.22,12.1,239.2,78.8,54.4,40,285,6.97,6.17,5.29,1,1,,2019
589,Kyler Murray,22,ARI,QB,16,16,5/10/01,349,542,64.4,3722,20,3.7,12,2.2,173,43.7,88,6.9,6.61,10.7,232.6,87.4,57.7,48,309,8.14,5.78,5.55,1,2,AP ORoY-1,2019
590,Kirk Cousins,31,MIN,QB,15,15,10/5/00,307,444,69.1,3603,26,5.9,6,1.4,165,50.4,66,8.1,8.68,11.7,240.2,107.4,60.4,28,206,5.93,7.2,7.73,1,1,PB,2019
591,Ryan Fitzpatrick,37,MIA,QB,15,13,5/8/00,311,502,62,3529,20,4,13,2.6,182,45,51,7,6.66,11.3,235.3,85.5,68.3,40,209,7.38,6.13,5.78,3,4,,2019
592,Andy Dalton,32,CIN,QB,13,13,2/11/00,314,528,59.5,3494,16,3,14,2.7,170,42.7,66,6.6,6.03,11.1,268.8,78.3,42.1,37,249,6.55,5.74,5.19,0,0,,2019
593,Kyle Allen,23,CAR,QB,13,12,5/7/00,303,489,62,3322,17,3.5,16,3.3,188,46.7,52,6.8,6.02,11,255.5,80,38.3,46,397,8.6,5.47,4.76,0,1,,2019
594,Gardner Minshew II,23,JAX,QB,14,12,6/6/00,285,470,60.6,3271,21,4.5,6,1.3,150,41.9,70,7,7.28,11.5,233.6,91.2,44.6,33,184,6.56,6.14,6.44,3,3,,2019
595,Mitchell Trubisky,25,CHI,QB,15,15,8/7/00,326,516,63.2,3138,17,3.3,10,1.9,156,43.3,53,6.1,5.87,9.6,209.2,83,41.5,38,234,6.86,5.24,5.04,3,3,,2019
596,Lamar Jackson,22,BAL,QB,15,15,13-2-0,265,401,66.1,3127,36,9,6,1.5,161,50.5,83,7.8,8.92,11.8,208.5,113.3,83,23,106,5.42,7.13,8.19,1,2,"PB,AP-1,AP MVP-1,AP OPoY-2",2019
597,Josh Allen,23,BUF,QB,16,16,10/6/00,271,461,58.8,3089,20,4.3,9,2,146,41.7,53,6.7,6.69,11.4,193.1,85.3,49.4,38,237,7.62,5.72,5.71,4,5,,2019
598,Daniel Jones,22,NYG,QB,13,12,3/9/00,284,459,61.9,3027,24,5.2,12,2.6,140,41,75,6.6,6.46,10.7,232.8,87.7,55.7,38,295,7.65,5.5,5.38,1,2,,2019
599,Sam Darnold,22,NYJ,QB,13,13,7/6/00,273,441,61.9,3024,19,4.3,13,2.9,147,43.7,92,6.9,6.39,11.1,232.6,84.3,45.6,33,212,6.96,5.93,5.5,2,3,,2019
600,Drew Brees,40,NOR,QB,11,11,8/3/00,281,378,74.3,2979,27,7.1,4,1.1,159,56.2,61,7.9,8.83,10.6,270.8,116.3,73.3,12,89,3.08,7.41,8.33,1,2,PB,2019
601,Jacoby Brissett,27,IND,QB,15,15,7/8/00,272,447,60.9,2942,18,4,6,1.3,143,42.8,50,6.6,6.78,10.8,196.1,88,52.1,27,159,5.7,5.87,6.06,2,2,,2019
602,Ryan Tannehill,31,TEN,QB,12,10,7/3/00,201,286,70.3,2742,22,7.7,6,2.1,126,51.4,91,9.6,10.18,13.6,228.5,117.5,64.2,31,212,9.78,7.98,8.52,2,3,"PB,AP CPoY-1",2019
603,Matthew Stafford,31,DET,QB,8,8,3/4/01,187,291,64.3,2499,19,6.5,5,1.7,117,48.9,66,8.6,9.12,13.4,312.4,106,71.3,18,137,5.83,7.64,8.15,2,1,,2019
604,Joe Flacco,34,DEN,QB,8,8,2/6/00,171,262,65.3,1822,6,2.3,5,1.9,86,42,70,7,6.55,10.7,227.8,85.1,50.8,26,194,9.03,5.65,5.29,0,0,,2019
605,Mason Rudolph,24,PIT,QB,10,8,5/3/00,176,283,62.2,1765,13,4.6,9,3.2,80,40.6,76,6.2,5.72,10,176.5,82,36.2,15,124,5.03,5.51,5.02,1,1,,2019
606,Case Keenum,31,WAS,QB,10,8,1/7/00,160,247,64.8,1707,11,4.5,5,2,83,46.2,69,6.9,6.89,10.7,170.7,91.3,45.6,15,145,5.73,5.96,5.94,0,0,,2019
607,Teddy Bridgewater,27,NOR,QB,9,5,5-0-0,133,196,67.9,1384,9,4.6,2,1,67,47.1,45,7.1,7.52,10.4,153.8,99.1,50.9,12,89,5.77,6.23,6.66,1,2,AP CPoY-5,2019
608,Dwayne Haskins,22,WAS,QB,9,7,2/5/00,119,203,58.6,1365,7,3.4,7,3.4,65,38.8,75,6.7,5.86,11.5,151.7,76.1,28,29,204,12.5,5,4.25,1,1,,2019
609,Marcus Mariota,26,TEN,QB,7,6,2/4/00,95,160,59.4,1203,7,4.4,2,1.3,50,34.6,75,7.5,7.83,12.7,171.9,92.3,35.5,25,162,13.51,5.63,5.9,0,0,,2019
610,Devlin Hodges,23,PIT,QB,8,6,3/3/00,100,160,62.5,1063,5,3.1,8,5,51,38.9,79,6.6,5.02,10.6,132.9,71.4,31.8,15,102,8.57,5.49,4.01,0,1,,2019
611,Eli Manning,38,NYG,QB,4,4,1/3/00,91,147,61.9,1042,6,4.1,5,3.4,47,46.7,55,7.1,6.37,11.5,260.5,82.6,36.2,5,44,3.29,6.57,5.88,0,0,,2019
612,Drew Lock,23,DEN,QB,5,5,4/1/00,100,156,64.1,1020,7,4.5,3,1.9,54,44.1,48,6.5,6.57,10.2,204,89.7,50.2,5,26,3.11,6.17,6.2,1,2,,2019
613,David Blough,24,DET,QB,5,5,0-5-0,94,174,54,984,4,2.3,6,3.4,47,37.2,75,5.7,4.56,10.5,196.8,64,34,14,104,7.45,4.68,3.67,0,0,,2019
614,Nick Foles,30,JAX,QB,4,4,0-4-0,77,117,65.8,736,3,2.6,2,1.7,31,40,39,6.3,6.03,9.6,184,84.6,35.5,8,60,6.4,5.41,5.17,0,0,,2019
615,Jeff Driskel,26,DET,QB,3,3,0-3-0,62,105,59,685,4,3.8,4,3.8,31,37.9,47,6.5,5.57,11,228.3,75.3,49.9,11,46,9.48,5.51,4.65,0,0,,2019
616,Matt Moore,35,KAN,QB,6,2,1/1/00,59,91,64.8,659,4,4.4,0,0,35,47.5,57,7.2,8.12,11.2,109.8,100.9,57.5,8,65,8.08,6,6.81,1,1,,2019
617,Matt Schaub,38,ATL,QB,6,1,0-1-0,50,67,74.6,580,3,4.5,1,1.5,30,59.4,35,8.7,8.88,11.6,96.7,109,80.2,2,19,2.9,8.13,8.35,0,0,,2019
618,Cam Newton,30,CAR,QB,2,2,0-2-0,50,89,56.2,572,0,0,1,1.1,29,43.2,44,6.4,5.92,11.4,286,71,22.5,6,43,6.32,5.57,5.09,0,0,,2019
619,Josh Rosen,22,MIA,QB,6,3,0-3-0,58,109,53.2,567,1,0.9,5,4.6,26,35.2,40,5.2,3.32,9.8,94.5,52,19.7,16,93,12.8,3.79,2.15,0,0,,2019
620,Brandon Allen,27,DEN,QB,3,3,1/2/00,39,84,46.4,515,3,3.6,2,2.4,20,28,75,6.1,5.77,13.2,171.7,68.3,40.1,9,59,9.68,4.9,4.58,0,0,,2019
621,Ryan Finley,25,CIN,QB,3,3,0-3-0,41,87,47.1,474,2,2.3,2,2.3,20,29.6,47,5.4,4.87,11.6,158,62.1,25,11,93,11.22,3.89,3.38,0,0,,2019
622,Chase Daniel,33,CHI,QB,3,1,0-1-0,45,64,70.3,435,3,4.7,2,3.1,22,50.7,37,6.8,6.33,9.7,145,91.6,59.6,7,48,9.86,5.45,5.03,0,0,,2019
623,Luke Falk,25,NYJ,QB,3,2,0-2-0,47,73,64.4,416,0,0,3,4.1,15,27,36,5.7,3.85,8.9,138.7,62.4,9.6,16,96,17.98,3.6,2.08,0,0,,2019
624,Brian Hoyer,34,IND,QB,4,1,0-1-0,35,65,53.8,372,4,6.2,4,6.2,22,38.6,23,5.7,4.18,10.6,93,65.7,17.4,5,47,7.14,4.64,3.21,0,0,,2019
625,Matt Barkley,29,BUF,QB,2,0,,27,51,52.9,359,0,0,3,5.9,15,37.7,41,7,4.39,13.3,179.5,51,10.3,2,10,3.77,6.58,4.04,0,0,,2019
626,Ben Roethlisberger,37,PIT,QB,2,2,0-2-0,35,62,56.5,351,0,0,1,1.6,14,37.5,45,5.7,4.94,10,175.5,66,28.8,2,7,3.13,5.38,4.67,0,0,,2019
627,Will Grier,24,CAR,QB,2,2,0-2-0,28,52,53.8,228,0,0,4,7.7,12,32.8,28,4.4,0.92,8.1,114,33.2,2.8,6,44,10.34,3.17,0.07,0,0,,2019
628,Robert Griffin III,29,BAL,QB,7,1,1-0-0,23,38,60.5,225,1,2.6,2,5.3,10,46.5,39,5.9,4.08,9.8,32.1,64,54.9,5,19,11.63,4.79,3.16,0,0,,2019
629,A.J. McCarron,29,HOU,QB,2,1,0-1-0,21,37,56.8,225,0,0,1,2.7,11,42.9,21,6.1,4.86,10.7,112.5,63.5,27.1,5,43,11.9,4.33,3.26,0,0,,2019
630,Sean Mannion,27,MIN,QB,3,1,0-1-0,12,21,57.1,126,0,0,2,9.5,6,52.4,35,6,1.71,10.5,42,35.1,26.4,0,0,0,6,1.71,0,0,,2019
631,Colt McCoy,33,WAS,QB,1,1,0-1-0,18,27,66.7,122,0,0,1,3.7,5,30.3,22,4.5,2.85,6.8,122,61,14.9,6,44,18.18,2.36,1,0,0,,2019
632,Mike Glennon,30,OAK,QB,2,0,,6,10,60,56,1,10,0,0,3,40,19,5.6,7.6,9.3,28,108.7,25.2,0,0,0,5.6,7.6,0,0,,2019
633,Taysom Hill,29,NOR,WR/QB,16,5,,3,6,50,55,0,0,0,0,3,42.9,20,9.2,9.17,18.3,3.4,81.9,84.9,1,9,14.29,6.57,6.57,0,0,,2019
634,Brett Hundley,26,ARI,QB,3,0,,5,11,45.5,49,0,0,0,0,2,23.1,28,4.5,4.45,9.8,16.3,58.5,80.6,2,11,15.38,2.92,2.92,0,0,,2019
635,Julian Edelman,33,NWE,WR,16,13,,2,2,100,47,1,50,0,0,2,100,32,23.5,33.5,23.5,2.9,158.3,100,0,0,0,23.5,33.5,0,0,,2019
636,Courtland Sutton,24,DEN,WR,16,14,,1,1,100,38,0,0,0,0,1,100,38,38,38,38,2.4,118.7,100,0,0,0,38,38,0,0,PB,2019
637,Jaylen Samuels,23,PIT,RB,14,4,,4,5,80,35,0,0,1,20,2,60,21,7,-2,8.8,2.5,56.2,1,0,0,0,7,-2,0,0,,2019
638,Emmanuel Sanders,32,SFO,WR,10,9,,1,1,100,35,1,100,0,0,1,100,35,35,55,35,3.5,158.3,,0,0,0,35,55,0,0,,2019
639,James White,27,NWE,RB,15,1,,1,1,100,35,0,0,0,0,1,100,35,35,35,35,2.3,118.7,99.9,0,0,0,35,35,0,0,,2019
640,Tyrod Taylor,30,LAC,QB,8,0,,4,6,66.7,33,1,16.7,0,0,3,50,14,5.5,8.83,8.3,4.1,120.1,3.3,0,0,0,5.5,8.83,0,0,,2019
641,John Brown,29,BUF,WR,15,15,,1,1,100,28,1,100,0,0,1,100,28,28,48,28,1.9,158.3,100,0,0,0,28,48,0,0,,2019
642,Johnny Hekker,29,LAR,P,16,0,,2,3,66.7,28,0,0,1,33.3,2,,23,9.3,-5.67,14,1.8,56.9,3.8,0,0,0,9.33,-5.67,0,0,,2019
643,Alex Erickson,27,CIN,WR,16,6,,1,1,100,26,0,0,0,0,1,100,26,26,26,26,1.6,118.7,99.9,0,0,0,26,26,0,0,,2019
644,Andy Lee,37,ARI,P,15,0,,1,1,100,26,0,0,0,0,1,,26,26,26,26,1.7,118.7,,0,0,0,26,26,0,0,,2019
645,Josh McCown,40,PHI,QB,3,0,,3,5,60,24,0,0,0,0,2,60,13,4.8,4.8,8,8,72.1,54.3,0,0,0,4.8,4.8,0,0,,2019
646,Odell Beckham Jr.,27,CLE,WR,16,15,,1,2,50,20,0,0,0,0,1,50,20,10,10,20,1.3,85.4,81,0,0,0,10,10,0,0,,2019
647,Albert Wilson,27,MIA,WR,13,4,,1,2,50,20,0,0,0,0,1,33.3,20,10,10,20,1.5,85.4,17.6,1,10,33.33,3.33,3.33,0,0,,2019
648,Danny Amendola,34,DET,WR,15,10,,1,1,100,19,1,100,0,0,1,100,19,19,39,19,1.3,158.3,100,0,0,0,19,39,0,0,,2019
649,Ryan Griffin,30,TAM,QB,2,0,,2,4,50,18,0,0,0,0,1,50,13,4.5,4.5,9,9,62.5,32.4,0,0,0,4.5,4.5,0,0,,2019
650,Logan Cooke,24,JAX,P,16,0,,2,2,100,16,0,0,0,0,2,,9,8,8,8,1,100,,1,19,33.33,-1,-1,0,0,,2019
651,Dante Pettis,24,SFO,WR,11,4,,1,1,100,16,0,0,0,0,1,100,16,16,16,16,1.5,118.7,57.3,0,0,0,16,16,0,0,,2019
652,Tim Boyle,25,GNB,QB,3,0,,3,4,75,15,0,0,0,0,1,50,7,3.8,3.75,5,5,80.2,96.7,0,0,0,3.75,3.75,0,0,,2019
653,Jarrett Stidham,23,NWE,QB,3,0,,2,4,50,14,0,0,1,25,1,20,11,3.5,-7.75,7,4.7,18.7,0.1,1,7,20,1.4,-7.6,0,0,,2019
654,Alvin Kamara,24,NOR,RB,14,9,,1,1,100,13,0,0,0,0,1,100,13,13,13,13,0.9,118.7,58.7,0,0,0,13,13,0,0,PB,2019
655,Michael Palardy,27,CAR,P,16,0,,1,1,100,12,0,0,0,0,1,,12,12,12,12,0.8,116.7,,0,0,0,12,12,0,0,,2019
656,Kelvin Harmon,23,WAS,WR,16,8,,1,1,100,11,0,0,0,0,1,100,11,11,11,11,0.7,112.5,99.9,0,0,0,11,11,0,0,,2019
657,Brett Kern,33,TEN,P,16,0,,1,2,50,11,0,0,0,0,1,,11,5.5,5.5,11,0.7,66.7,,0,0,0,5.5,5.5,0,0,"PB,AP-1",2019
658,Andrew Beck,23,DEN,TE,16,6,,1,1,100,6,0,0,0,0,1,100,6,6,6,6,0.4,91.7,100,0,0,0,6,6,0,0,,2019
659,DeAndre Hopkins,27,HOU,WR,15,15,,1,2,50,6,1,50,1,50,1,50,6,3,-9.5,6,0.4,56.2,0,0,0,0,3,-9.5,0,0,"PB,AP-1",2019
660,Kenjon Barner,30,ATL,RB,14,0,,1,1,100,3,0,0,0,0,0,,3,3,3,3,0.2,79.2,31.7,0,0,0,3,3,0,0,,2019
661,Blake Bortles,27,LAR,QB,3,0,,1,2,50,3,0,0,0,0,0,,3,1.5,1.5,3,1,56.2,0.1,0,0,0,1.5,1.5,0,0,,2019
662,Trevor Siemian,28,NYJ,QB,1,1,0-1-0,3,6,50,3,0,0,0,0,0,,3,0.5,0.5,1,3,56.2,1.2,2,17,25,-1.75,-1.75,0,0,,2019
663,Matt Haack,25,MIA,P,16,0,,1,2,50,1,1,50,0,0,1,,1,0.5,10.5,1,0.1,95.8,0,0,0,0,0.5,10.5,0,0,,2019
664,Alex Tanney,32,NYG,QB,1,0,,1,1,100,1,0,0,0,0,0,,1,1,1,1,1,79.2,1.4,0,0,0,1,1,0,0,,2019
665,Randall Cobb,29,DAL,WR,15,6,,0,1,0,0,0,0,0,0,0,,,0,0,,0,39.6,5.4,0,0,0,0,0,0,0,,2019
666,Dustin Colquitt,37,KAN,P,16,0,,0,1,0,0,0,0,0,0,0,,,0,0,,0,39.6,0,0,0,0,0,0,0,0,,2019
667,Stefon Diggs,26,MIN,WR,15,15,,0,1,0,0,0,0,0,0,0,,,0,0,,0,39.6,0.2,0,0,0,0,0,0,0,,2019
668,Jake Elliott,24,PHI,K,16,0,,0,1,0,0,0,0,1,100,0,,,0,-45,,0,0,,0,0,0,0,-45,0,0,,2019
669,David Fales,29,NYJ,QB,2,0,,0,0,,0,0,,0,,0,,,,,,0,,3.8,1,7,100,-7,-7,0,0,,2019
670,Garrett Gilbert,28,CLE,QB,5,0,,0,3,0,0,0,0,0,0,0,,,0,0,,0,39.6,22.8,0,0,0,0,0,0,0,,2019
671,Josh Gordon,28,SEA,WR,5,1,,0,1,0,0,0,0,1,100,0,,,0,-45,,0,0,,0,0,0,0,-45,0,0,,2019
672,Kareem Hunt,24,CLE,RB,8,3,,0,0,,0,0,,0,,0,,,,,,0,,0,1,8,100,-8,-8,0,0,,2019
673,Cooper Kupp,26,LAR,WR,16,14,,0,1,0,0,0,0,0,0,0,,,0,0,,0,39.6,0,0,0,0,0,0,0,0,AP CPoY-5,2019
674,Christian McCaffrey,23,CAR,RB,16,16,,0,2,0,0,0,0,0,0,0,,,0,0,,0,39.6,0.2,0,0,0,0,0,0,0,"PB,AP-1,AP OPoY-3",2019
675,Zach Pascal,25,IND,WR,16,13,,0,1,0,0,0,0,0,0,0,,,0,0,,0,39.6,0.8,0,0,0,0,0,0,0,,2019
676,Bilal Powell,31,NYJ,RB,13,1,,0,1,0,0,0,0,0,0,0,,,0,0,,0,39.6,1.9,0,0,0,0,0,0,0,,2019
677,Steven Sims,22,WAS,WR,16,2,,0,1,0,0,0,0,0,0,0,,,0,0,,0,39.6,,0,0,0,0,0,0,0,,2019
678,Colby Wadman,24,DEN,P,16,0,,0,0,,0,0,,0,,0,,,,,,0,,,1,7,100,-7,-7,0,0,,2019
679,Preston Williams,22,MIA,WR,8,7,,0,0,,0,0,,0,,0,,,,,,0,,0.7,1,1,100,-1,-1,0,0,,2019
680,Sam Koch,37,BAL,P,16,0,,1,1,100,-2,0,0,0,0,0,,-2,-2,-2,-2,-0.1,79.2,100,0,0,0,-2,-2,0,0,,2019